latitude,longitude,gi_star,p_value,hotspot_category,weight_sum
8.76043014673353,76.68946674224625,0.2616137824290599,0.363,Not Significant,0.009812074
8.749556266550341,76.69487050197198,0.06772180619574174,0.366,Not Significant,0.01363712
8.745898987407369,76.70394188687634,0.36207338650298454,0.173,Not Significant,0.01363712
8.738657858878843,76.70572652409692,0.16339592762772254,0.275,Not Significant,0.013803426
8.742274331711743,76.70574297365322,0.36636453066560015,0.168,Not Significant,0.01363712
8.744082567858392,76.70575120108285,0.23116941896688148,0.264,Not Significant,0.015632796
8.736841438492526,76.70753579983459,0.050942884101734504,0.366,Not Significant,0.01363712
8.756732013232366,76.7076264368125,-0.44221172632098926,0.301,Not Significant,0.009812074
8.738641479333003,76.70936153555746,0.35119075567479985,0.143,Not Significant,0.007982704
8.758532033159717,76.7094522883817,-0.22412493821861604,0.5,Not Significant,0.007816398
8.733208581391478,76.71115429881614,0.2089600051010347,0.226,Not Significant,0.01363712
8.738616844711913,76.71481403945846,0.9248816195322278,0.055,Not Significant,0.017628472
8.738608615757757,76.71663153720733,-0.004508756865567517,0.451,Not Significant,0.02727424
8.736792153483863,76.71844074979747,0.2733710676175866,0.25,Not Significant,0.009812074
8.738600378096779,76.71844903317735,0.5122940993600579,0.141,Not Significant,0.007816398
8.74040860252977,76.71845731833794,0.2562897496463735,0.218,Not Significant,0.009812074
8.744008539015502,76.7221089331216,0.1171551458307664,0.314,Not Significant,0.009812074
8.77113182649309,76.7222337408122,-0.5484599247735605,0.105,Not Significant,0.007816398
8.72410985254749,76.72383508336621,-0.9864515502144804,0.109,Not Significant,0.009812074
8.725918073217464,76.72384338049322,-0.22915657598581912,0.474,Not Significant,0.003991352
8.7692987025046,76.72767832143063,-0.4691752282819719,0.151,Not Significant,0.007816398
8.754824688922568,76.72942907511052,-0.365568004168173,0.167,Not Significant,0.003991352
8.711419265048756,76.73104647387471,-0.6132638396675713,0.108,Not Significant,0.009812074
8.76566563580892,76.73129683975847,0.3289368103113842,0.224,Not Significant,0.003991352
8.767465510139942,76.73312283502405,-1.0093696637791547,0.004,Cold Spot (99% Confidence),0.017628472
8.772881783305433,76.7349656386411,-0.1418564684992091,0.431,Not Significant,0.003991352
8.781880887264544,76.74409607226339,-0.46007601558378,0.277,Not Significant,0.003991352
8.7095362229435,76.74739416844085,-0.2788405514468173,0.327,Not Significant,0.007982704
8.758340724192218,76.75125662374242,,0.001,Not Significant,0.007816398
8.687779280131837,76.76001406499702,-0.27839461396385323,0.33,Not Significant,0.009812074
8.675105173249058,76.76358936166666,-0.27839461396385323,0.33,Not Significant,0.009812074
8.796236245363428,76.76779434028684,0.45810313064752184,0.164,Not Significant,0.01363712
8.794419537279486,76.76960347958799,0.8246310789842008,0.099,Not Significant,0.005820722
8.796227706913399,76.76961206665027,-0.2882434498261708,0.347,Not Significant,0.019624148
8.658755700488792,76.77986701068815,-0.3629394089066369,0.237,Not Significant,0.003991352
8.656939066237875,76.78167555163513,-0.6882368304468276,0.051,Not Significant,0.009812074
8.655122426773884,76.78348407525182,-0.7378448309072331,0.041,Cold Spot (95% Confidence),0.01363712
8.656930595965449,76.78349259047917,-0.1255976444325673,0.471,Not Significant,0.003991352
8.747338826728873,76.78392070704714,1.7080039344593314,0.008,Hot Spot (99% Confidence),0.017628472
8.778077522515497,76.78406731922918,0.4717588341928118,0.151,Not Significant,0.009812074
8.660538451322138,76.78532668080491,-0.3624480884100526,0.203,Not Significant,0.009812074
8.781685233286785,76.78590224221963,-0.29238404478712093,0.365,Not Significant,0.01363712
8.658721794968118,76.78713519703169,-0.09141352355589012,0.496,Not Significant,0.009812074
8.658713297025944,76.78895223899652,-0.3378942167958207,0.299,Not Significant,0.01363712
8.671370437323137,76.78901209236314,-0.32590629958979694,0.191,Not Significant,0.003991352
8.7617783261876,76.78944225709833,2.3190151189286468,0.008,Hot Spot (99% Confidence),0.015632796
8.763586479363845,76.7894509076689,1.58364730730686,0.015,Hot Spot (95% Confidence),0.029436222
8.70029246268976,76.79096648088785,0.2605688803420142,0.195,Not Significant,0.003991352
8.745496346345925,76.79118194370429,2.2158541517853303,0.005,Hot Spot (99% Confidence),0.017628472
8.763577868214897,76.79126845361985,0.8435992070597824,0.072,Not Significant,0.039248296
8.765386019406458,76.79127711482195,2.732852858606121,0.007,Hot Spot (99% Confidence),0.007816398
8.727397630163269,76.79473035545428,-0.53142838320076,0.171,Not Significant,0.009812074
8.761752471964991,76.79489486305486,1.6074355476779632,0.008,Hot Spot (99% Confidence),0.01363712
8.71834827936889,76.796504497131,-0.2799147916023314,0.388,Not Significant,0.003991352
8.750894956926494,76.79666031973976,0.17082450081022343,0.306,Not Significant,0.058539832
8.752694468757136,76.79848648013024,4.110214681040345,0.003,Hot Spot (99% Confidence),0.009812074
8.7671596240488,76.79855601332103,1.2392749278873736,0.01,Hot Spot (99% Confidence),0.005820722
8.749069537823742,76.80028658197607,2.739314333785493,0.003,Hot Spot (99% Confidence),0.015632796
8.700240992495775,76.80186988154799,-0.3223277549695842,0.229,Not Significant,0.01363712
8.615240842264821,76.80509914335393,-0.42233471909744,0.269,Not Significant,0.003991352
8.70743906213,76.80917352268324,0.0552232638277475,0.373,Not Significant,0.009812074
8.732752986912788,76.80929536515309,0.8743165812318803,0.079,Not Significant,0.009812074
8.73636925899402,76.80931280121183,-0.21823806334277096,0.487,Not Significant,0.019624148
8.826775825356274,76.80975114076541,-0.2799147916023314,0.33,Not Significant,0.003991352
8.821342678644378,76.81154251532297,-1.1001464969657702,0.001,Cold Spot (99% Confidence),0.009812074
8.636904346664595,76.81246987044695,0.2616137824290599,0.362,Not Significant,0.009812074
8.700180549612943,76.81459043070438,-0.01848968232119088,0.439,Not Significant,0.01363712
8.721878144542007,76.81469506860134,-0.37019739582644473,0.273,Not Significant,0.015632796
8.59891619787554,76.81592242688255,0.06531401174723321,0.328,Not Significant,0.017628472
8.600724339974883,76.81593103978972,0.39341950987146324,0.191,Not Significant,0.009812074
8.691131217184944,76.81636408174508,-0.17842199739834938,0.396,Not Significant,0.009812074
8.598907622326278,76.81773915402513,0.30242995673199835,0.21,Not Significant,0.015632796
8.602523902687851,76.8177563989307,0.14304469953995763,0.295,Not Significant,0.007816398
8.696546941196353,76.81820740826853,-0.08898282685979875,0.493,Not Significant,0.009812074
8.700163202221793,76.81822485643318,-0.0848760847110683,0.466,Not Significant,0.01363712
8.725477009217084,76.81834720453047,0.4778312978089103,0.138,Not Significant,0.007816398
8.694730129215714,76.8200158709318,-0.21158015477455772,0.384,Not Significant,0.009812074
8.763438902485165,76.82034893505947,,0.001,Not Significant,0.01363712
8.654925272438227,76.82527525596063,0.6095203417021805,0.128,Not Significant,0.01363712
8.656733399832946,76.82528397045265,1.2022994548689079,0.067,Not Significant,0.01363712
8.65854152704841,76.82529268683433,0.25448477414365994,0.258,Not Significant,0.02727424
8.691087786233302,76.82544990489667,-0.2213809292348335,0.306,Not Significant,0.007816398
8.638643459003497,76.82701381802508,-0.34791123249933675,0.285,Not Significant,0.01363712
8.795941021639074,76.82959599605925,-0.2768136600476457,0.386,Not Significant,0.017628472
8.589806713968176,76.83041281092763,0.3582293379017107,0.153,Not Significant,0.003991352
8.644041795296094,76.83249073096175,-0.1888803717916184,0.426,Not Significant,0.009812074
8.640416857471672,76.83429016966116,-0.12142874106431385,0.484,Not Significant,0.007816398
8.577123919458794,76.83580197911243,-0.2173384286101556,0.338,Not Significant,0.017628472
8.616902606551237,76.83599348280113,,0.001,Not Significant,0.0236155
8.692843496157051,76.83636163476802,-0.31046551006087353,0.33,Not Significant,0.007816398
8.658471853165695,76.83982865515782,0.6623985265937065,0.082,Not Significant,0.009812074
8.696442173127453,76.84001359494748,-0.4762328500987834,0.217,Not Significant,0.009812074
8.689200957786907,76.84179543861451,-0.4481132752370875,0.212,Not Significant,0.009812074
8.80672756008505,76.84237327310049,-0.1834702810940965,0.457,Not Significant,0.009812074
8.736202854082842,76.84384296459422,0.9713347524926583,0.083,Not Significant,0.019624148
8.738010954893488,76.84385185164248,0.9839390800621696,0.083,Not Significant,0.019624148
8.562615671922218,76.84481522354814,0.027726681017214743,0.375,Not Significant,0.015632796
8.810325917083489,76.84602661888323,-0.27839461396385323,0.333,Not Significant,0.009812074
8.63673953712929,76.84699087555394,0.24003578205197856,0.319,Not Significant,0.009812074
8.63854764412573,76.8469996748807,-0.2830066754949427,0.405,Not Significant,0.01363712
8.56983076133512,76.84848320155871,0.2679612131595644,0.224,Not Significant,0.009812074
8.571638873071882,76.84849193875405,-0.23384328665835502,0.441,Not Significant,0.01363712
8.593336200037664,76.8485969342506,-0.4882750737165784,0.106,Not Significant,0.009812074
8.736176292448889,76.84929503294008,0.9700817893348279,0.072,Not Significant,0.009812074
8.58428693545879,76.85036977689482,-0.2511288439459181,0.216,Not Significant,0.009812074
8.600559905108167,76.85044869555354,-0.6236133079216827,0.073,Not Significant,0.005820722
8.605975479405569,76.85229176174984,-0.6153429787698657,0.139,Not Significant,0.003991352
8.548107348459267,76.85382785711757,-0.01162374843493934,0.398,Not Significant,0.01363712
8.593301252281783,76.85586359155275,-0.7535416160296922,0.011,Cold Spot (95% Confidence),0.01363712
8.55892982701627,76.85932981487271,0.2412314356727953,0.16,Not Significant,0.009812074
8.587859431325397,76.85947047929206,-0.5321744365780537,0.121,Not Significant,0.003991352
8.739730174850111,76.86203440956284,-0.2788825315211908,0.348,Not Significant,0.007816398
8.549871846840462,76.86291885605027,-0.4317155973183518,0.135,Not Significant,0.01363712
8.589649978127284,76.86311256222805,-0.6086267437322389,0.113,Not Significant,0.003991352
8.683670672046457,76.8635741225726,0.5447236944614002,0.185,Not Significant,0.015632796
8.765025370138051,76.86579523850128,-0.3118974602747709,0.258,Not Significant,0.007816398
8.576975749451005,76.86668397440356,0.17146545354842666,0.301,Not Significant,0.015632796
8.578783841772227,76.86669280506389,0.3919566962988862,0.17,Not Significant,0.01363712
8.57515006667243,76.87030826792207,0.43681831645274477,0.105,Not Significant,0.009812074
8.61673606249616,76.87051221291296,-0.27839461396385323,0.329,Not Significant,0.009812074
8.685443152418875,76.87085140922463,0.5447236944614002,0.185,Not Significant,0.015632796
8.54440375502214,76.87197459644393,-0.5433713612445913,0.165,Not Significant,0.007816398
8.546211844896407,76.87198341799687,-0.7477780990394443,0.075,Not Significant,0.007816398
8.548019934593201,76.87199224148563,-0.4610462998004307,0.238,Not Significant,0.003991352
8.567908909534916,76.87208942763841,1.3062552825277916,0.036,Hot Spot (95% Confidence),0.021619824000000003
8.775837804022121,76.87311950484434,-0.15574768170563186,0.422,Not Significant,0.007816398
8.566092014735599,76.8738970962703,1.1144864017955323,0.027,Hot Spot (95% Confidence),0.009812074
8.56790010059203,76.87390594962595,0.3384848503774214,0.175,Not Significant,0.033261268
8.743283577452697,76.87477394435511,-0.560138100572857,0.2,Not Significant,0.009812074
8.560658946175542,76.87568703361286,0.3103376353831722,0.18,Not Significant,0.009812074
8.5642751150024,76.87570474776406,0.45462999659742054,0.142,Not Significant,0.007816398
8.56608319914905,76.87571360774963,0.3492165628816575,0.192,Not Significant,0.01363712
8.571507450521457,76.87574019934692,1.0342111817286548,0.019,Hot Spot (95% Confidence),0.003991352
8.770386515334497,76.8785447826861,-0.18715174353881775,0.445,Not Significant,0.007816398
8.772194577073618,76.87855387291127,-0.10969784739759068,0.474,Not Significant,0.003991352
8.781234883037254,76.87859935324465,-0.32656759030110594,0.231,Not Significant,0.017628472
8.770377468859401,76.88036227056166,-0.2214267517489114,0.422,Not Significant,0.015632796
8.801114461448021,76.88051721877999,,0.001,Not Significant,0.007816398
8.564248622740061,76.88115424485025,0.17465021256966196,0.25,Not Significant,0.031265592
8.770368413648443,76.8821797564883,0.1201100909716099,0.318,Not Significant,0.015632796
8.533502445915502,76.88281983554555,0.16953192508287793,0.284,Not Significant,0.074172628
8.537118604933381,76.88283755980407,3.866606510464817,0.002,Hot Spot (99% Confidence),0.01363712
8.54435092084024,76.88287303168359,0.9007115538760447,0.03,Hot Spot (95% Confidence),0.003991352
8.513604755413951,76.88453874536039,0.2851823743139079,0.123,Not Significant,0.003991352
8.593160092110555,76.88492991234655,-0.27839461396385323,0.329,Not Significant,0.009812074
8.623888361361612,76.88689883094109,0.04546378259548933,0.375,Not Significant,0.009812074
8.526243650761266,76.88823334564312,0.757820191468656,0.055,Not Significant,0.015632796
8.531667874065036,76.88825998836322,1.5970095290318749,0.006,Hot Spot (99% Confidence),0.009812074
8.584101950242204,76.8885184407213,-0.1512581773705266,0.389,Not Significant,0.009812074
8.52442673589904,76.89004076796378,0.8962398119093348,0.054,Not Significant,0.01363712
8.535275170562876,76.89009411044813,1.0849054611138558,0.02,Hot Spot (95% Confidence),0.01363712
8.567820436201051,76.89025456006861,0.5955973527359575,0.045,Hot Spot (95% Confidence),0.01363712
8.746818360173036,76.89114836309564,0.6794350081017895,0.071,Not Significant,0.007816398
8.506337167763576,76.89176823234837,0.8559030072393443,0.066,Not Significant,0.009812074
8.508145240517509,76.89177710684652,-0.31232731272941183,0.275,Not Significant,0.02544487
8.526225958322224,76.89186595938784,0.440028875268656,0.126,Not Significant,0.023449194
8.784778266160815,76.89315796980618,0.7114558678316097,0.119,Not Significant,0.01180775
8.522600961036286,76.89366446012191,0.48292804084982555,0.064,Not Significant,0.015632796
8.638317034544217,76.89423804880572,-0.19134472676195494,0.445,Not Significant,0.003991352
8.506319483309158,76.89540065089547,0.1543167705746088,0.233,Not Significant,0.003991352
8.515359826246403,76.89544512805533,0.0943221019288267,0.344,Not Significant,0.009812074
8.540672762906587,76.89556992472487,0.4897360566041419,0.074,Not Significant,0.017628472
8.719670387355448,76.89646338624091,0.8725220024795266,0.071,Not Significant,0.009812074
8.730518671510495,76.89651815381706,2.8008556607301234,0.016,Hot Spot (95% Confidence),0.009812074
8.755831309126663,76.89664621992472,-0.5584887925931324,0.172,Not Significant,0.019624148
8.509926762266558,76.89723465923417,-0.20379346123017153,0.285,Not Significant,0.009812074
8.511734828944984,76.89724356317738,-0.01877558115360818,0.454,Not Significant,0.007816398
8.515350961770773,76.89726137694753,0.22003208027387555,0.248,Not Significant,0.011974056
8.51715902791807,76.89727028677453,0.04265220238964304,0.381,Not Significant,0.01180775
8.558744500347178,76.89747575421889,0.4002487339495229,0.117,Not Significant,0.01363712
8.61841044841499,76.89777236871988,0.5231498152231913,0.13,Not Significant,0.009812074
8.620218504408124,76.89778139041591,-0.22931039605475975,0.372,Not Significant,0.023449194
8.622026560222057,76.89779041407587,0.6044928695305563,0.107,Not Significant,0.009812074
8.730509579728936,76.89833542939729,-0.4114981987269616,0.304,Not Significant,0.035256944
8.49726143671944,76.89898854840698,-0.14898716437315676,0.39,Not Significant,0.007816398
8.515342088817336,76.8990776238784,-0.18686634968437915,0.309,Not Significant,0.023449194
8.51715015305369,76.89908654222228,0.42728321007144193,0.136,Not Significant,0.007816398
8.571391997611967,76.89935500564027,0.13301543855631842,0.295,Not Significant,0.009812074
8.618401466510557,76.8995891041062,0.24673641917902872,0.223,Not Significant,0.009812074
8.622017574493757,76.89960716671163,0.20332206457382668,0.248,Not Significant,0.01180775
8.678067156361452,76.89988814285641,0.0744108716795167,0.346,Not Significant,0.009812074
8.493636445698527,76.90078689977877,-0.24591662132333403,0.356,Not Significant,0.009812074
8.495444510145084,76.90079580306183,-0.2807086152713247,0.302,Not Significant,0.009812074
8.506292893112182,76.90084926401744,-0.15090758498062629,0.267,Not Significant,0.01363712
8.509909019352817,76.90086710005411,-0.05799240310541281,0.436,Not Significant,0.009812074
8.732299411065677,76.90197913568252,1.9088619735126038,0.021,Hot Spot (95% Confidence),0.003991352
8.517132377886206,76.9027190472263,0.1482053458875239,0.23,Not Significant,0.009812074
8.582222434330857,76.90304203117154,0.08804866057701854,0.348,Not Significant,0.009812074
8.504467064416216,76.90447273086227,-0.04036864714959906,0.451,Not Significant,0.009812074
8.506275123971156,76.90448166294439,-0.28039327625709226,0.198,Not Significant,0.01363712
8.508083183349125,76.90449059699509,0.20051395109755496,0.216,Not Significant,0.003991352
8.53339599603868,76.90461588043054,-0.022856309428330283,0.478,Not Significant,0.003991352
8.578597360665345,76.90484056094351,-0.26706504536941694,0.403,Not Significant,0.019624148
8.5804054129346,76.90484957377436,0.5963666823062816,0.117,Not Significant,0.009812074
8.488185642371658,76.90620854224308,-0.6784664041485731,0.077,Not Significant,0.009812074
8.48999370159966,76.90621746509863,-0.17967979778885224,0.438,Not Significant,0.003991352
8.502650111247313,76.90627998025123,-0.0013120615305194736,0.414,Not Significant,0.007816398
8.504458169061063,76.90628891886837,-0.04985865654462776,0.483,Not Significant,0.009812074
8.486368698343924,76.90801572244226,-0.3552798318329298,0.249,Not Significant,0.009812074
8.495408984001362,76.9080603890225,-0.08231519215805183,0.373,Not Significant,0.01363712
8.546034501880303,76.90831143312084,0.07716568892290183,0.343,Not Significant,0.003991352
8.676213762956387,76.90896408145858,-0.27755553919643,0.39,Not Significant,0.01363712
8.50624840674593,76.90993024656584,1.2565381763113512,0.009,Hot Spot (99% Confidence),0.015632796
8.508056460363958,76.90993920613835,0.4007722057830112,0.118,Not Significant,0.033261268000000004
8.522520882931131,76.91001095379524,-0.028148730006281934,0.464,Not Significant,0.007816398
8.542409445424273,76.91010981317466,-0.6999366106932943,0.034,Cold Spot (95% Confidence),0.015632796
8.551449693995844,76.9101548282568,0.662565473604438,0.104,Not Significant,0.019624148
8.569530177789304,76.91024500657682,0.1586676944941045,0.246,Not Significant,0.007816398
8.591226734802472,76.91035348136911,0.13489117957867244,0.302,Not Significant,0.01363712
8.479118687427702,76.91161215306798,-0.07554517740281153,0.449,Not Significant,0.01363712
8.50443143219595,76.91173747105675,0.8252364585005569,0.04,Hot Spot (95% Confidence),0.01363712
8.506239484067383,76.91174643716039,0.2823083128740543,0.195,Not Significant,0.033261268000000004
8.508047535761783,76.91175540524013,1.0799863703476296,0.02,Hot Spot (95% Confidence),0.01180775
8.52974414227243,76.91186317634708,-0.46132518894172386,0.052,Not Significant,0.009812074
8.544208532415798,76.91193518187995,0.11688564018587302,0.304,Not Significant,0.003991352
8.551440723221324,76.91197123209356,0.6356408585717847,0.097,Not Significant,0.019624148
8.67800359933395,76.91260723440992,0.21161300498527183,0.328,Not Significant,0.009812074
8.47910978516061,76.9134282143042,0.044214889123018526,0.366,Not Significant,0.01180775
8.504422502974519,76.91355365116998,0.6458929516421396,0.067,Not Significant,0.009812074
8.508038602689451,76.91357160236576,0.7176663122666994,0.055,Not Significant,0.003991352
8.477292823782236,76.91523532014087,0.00966698290705533,0.398,Not Significant,0.009812074
8.545998624853675,76.91557694190627,-0.40300923648763337,0.198,Not Significant,0.01363712
8.547806668790505,76.91558597056783,0.19032409638484724,0.275,Not Significant,0.007982704
8.788274912633835,76.91680445210115,,0.001,Not Significant,0.007816398
8.49717243300363,76.91715005879956,-0.15797698636136565,0.28,Not Significant,0.02727424
8.509828756869933,76.917212986264,0.06837527872194972,0.335,Not Significant,0.009812074
8.527909204474291,76.9173030510975,-0.4636177810953049,0.041,Cold Spot (95% Confidence),0.009812074
8.473649956518868,76.9206655088517,-0.07672707552646943,0.478,Not Significant,0.009812074
8.498962573684341,76.92079133784868,0.0694709347538796,0.415,Not Significant,0.007816398
8.542355550925759,76.92100795004991,-0.2961569621823908,0.17,Not Significant,0.01363712
8.564052001161299,76.9211166851643,0.02437066057401129,0.404,Not Significant,0.009812074
8.583940391324319,76.92121661036093,0.20911533552401218,0.245,Not Significant,0.01363712
8.744854748645421,76.92203394537009,-0.27755553919642995,0.322,Not Significant,0.01363712
8.75931889032263,76.92210818591576,-0.3043125674493109,0.354,Not Significant,0.009812074
8.470024930726842,76.92246357400282,-0.0138274670744605,0.427,Not Significant,0.009812074
8.47183297437693,76.922472553387,-0.22264484832784762,0.405,Not Significant,0.01180775
8.49895360793466,76.92260748254976,-0.25019367764077793,0.321,Not Significant,0.009812074
8.55861886140906,76.92290590073735,-0.0035910408529783687,0.449,Not Significant,0.009812074
8.5712751023936,76.92296947991973,0.1668139320949341,0.323,Not Significant,0.01363712
8.46639990353821,76.92426161123927,0.06801247881712455,0.356,Not Significant,0.01363712
8.513408939855008,76.9244958383382,-0.31311877269268545,0.128,Not Significant,0.003991352
8.522449125425576,76.924541036163,-0.9786526438390708,0.001,Cold Spot (99% Confidence),0.015632796
8.538721448267818,76.92462251759657,-0.265855523983354,0.189,Not Significant,0.007816398
8.573074082491713,76.92479506334124,0.1962774476971148,0.307,Not Significant,0.01363712
8.46458291544573,76.92606860894409,-0.07981949441121429,0.498,Not Significant,0.015799102000000002
8.488087425648157,76.92618563876592,-0.22853144750201962,0.337,Not Significant,0.01363712
8.489895463657877,76.9261946549929,0.038144810643477634,0.425,Not Significant,0.009812074
8.509783870084991,76.92629396488329,-0.36722182340449877,0.081,Not Significant,0.005820722
8.522440117556904,76.92635728752545,0.028136757523646253,0.4,Not Significant,0.003991352
8.462765922628412,76.92787558972337,-0.12459884340775655,0.471,Not Significant,0.01363712
8.464573961170446,76.92788458654773,0.25639707807772066,0.234,Not Significant,0.009812074
8.493502553834789,76.92802880666635,-0.5611672827298684,0.054,Not Significant,0.009812074
8.495310589373926,76.92803783735914,-0.22613062597180922,0.338,Not Significant,0.003991352
8.52966323095108,76.92820979918073,-0.8918632802565684,0.004,Cold Spot (99% Confidence),0.007816398
8.531471262943812,76.92821886973555,-0.5473268376883215,0.136,Not Significant,0.003991352
8.605600421220098,76.9285924794849,0.2616137824290599,0.377,Not Significant,0.009812074
8.647184939248499,76.92880353390467,,0.001,Not Significant,0.009812074
8.459140888138577,76.92967355228218,-0.01567983037728838,0.449,Not Significant,0.003991352
8.49530159366506,76.92985395710757,-0.5528521475076444,0.061,Not Significant,0.009812074
8.522422076366404,76.92998978427401,-0.5145960647608142,0.015,Cold Spot (95% Confidence),0.003991352
8.479020298247418,76.93158871760734,-0.2998584460985381,0.228,Not Significant,0.01363712
8.488060461822474,76.93163389611966,-0.1397330404068069,0.255,Not Significant,0.01363712
8.529645157248048,76.93184236015188,-0.5626841179577469,0.019,Cold Spot (95% Confidence),0.005820722
8.479011303132852,76.93340475699053,-0.1525062335932613,0.401,Not Significant,0.009812074
8.453689872574111,76.93509432298691,-0.08483105551762297,0.386,Not Significant,0.003991352
8.473578210989363,76.93519366037228,-0.22628409016164527,0.167,Not Significant,0.003991352
8.477194270225034,76.93521174770831,-0.1518898789586735,0.36,Not Significant,0.003991352
8.493466528035952,76.93529323971114,-0.08413889662947166,0.332,Not Significant,0.007816398
8.498890610788166,76.93532043971258,-0.25145923975445816,0.112,Not Significant,0.017628472
8.488033421950549,76.9370821355073,-0.1121344450696115,0.27,Not Significant,0.009812074
8.5061136774136,76.93717289714395,-0.2521537799684086,0.087,Not Significant,0.009812074
8.511537750597242,76.93720016467795,-0.4692396602157483,0.018,Cold Spot (95% Confidence),0.009812074
8.515153798499455,76.93721835304615,-0.20540083224264058,0.257,Not Significant,0.003991352
8.522385892174029,76.9372547538134,-0.3672656016641404,0.049,Cold Spot (95% Confidence),0.01363712
8.529617983006847,76.93729118662426,-0.3538853333788652,0.056,Not Significant,0.009812074
8.630866954966415,76.9378046122113,3.3138349814779127,0.01,Hot Spot (99% Confidence),0.009812074
8.753811376498735,76.93843651357795,-0.2799147916023314,0.392,Not Significant,0.003991352
8.460904004667388,76.93876231708887,-0.1901590259946349,0.353,Not Significant,0.01363712
8.482600317523,76.9388709963972,0.07258186448680673,0.323,Not Significant,0.01180775
8.4970645119518,76.93894360955186,-0.21077940225658395,0.197,Not Significant,0.01363712
8.761034050188885,76.94029135204708,-1.1001464969657702,0.001,Cold Spot (99% Confidence),0.009812074
8.451854867221785,76.94053302360751,-0.25979334416842453,0.125,Not Significant,0.01363712
8.459086970050006,76.94056921174288,-0.1492493393420129,0.341,Not Significant,0.01363712
8.46270302040611,76.94058731783964,-0.24018301468635653,0.296,Not Significant,0.009812074
8.464511045319531,76.94059637389542,-0.18758349019011458,0.443,Not Significant,0.007816398
8.477167214770294,76.94065982242869,0.5624300485267508,0.087,Not Significant,0.007816398
8.489823375561462,76.940723369223,-0.054246461095927456,0.493,Not Significant,0.007816398
8.49886348510353,76.94076881995886,-0.23211414349976242,0.2,Not Significant,0.009812074
8.520559729924688,76.94087810633546,-0.09242562170655946,0.431,Not Significant,0.01180775
8.53683189676007,76.94096026072118,-0.22811454700389827,0.244,Not Significant,0.009812074
8.605536441960023,76.94130892730591,-0.3422216402323243,0.297,Not Significant,0.01363712
8.477158179408507,76.94247584332733,0.3466632668751347,0.139,Not Significant,0.017628472
8.478966200954764,76.94248492390088,0.3222264820947549,0.146,Not Significant,0.023449194
8.480774222324237,76.9424940064817,0.4728004589688238,0.093,Not Significant,0.017628472
8.488006306033597,76.9425303568783,0.10570779063472843,0.283,Not Significant,0.003991352
8.48981432651862,76.94253944949601,-0.30355454161360207,0.151,Not Significant,0.01363712
8.497046406688327,76.9425758400426,-0.0811758791407702,0.441,Not Significant,0.003991352
8.509702540163696,76.94263960079753,-0.28123298030541033,0.082,Not Significant,0.009812074
8.531398748747446,76.9427491338728,-0.30618981589984196,0.269,Not Significant,0.01363712
8.533206764974306,76.94275827468375,0.01945841287238084,0.441,Not Significant,0.009812074
8.56213500038697,76.94290480086369,0.26353593897144667,0.233,Not Significant,0.009812074
8.44279672985474,76.94411955194164,-0.3449398891682628,0.254,Not Significant,0.023449194
8.444604752796964,76.94412860282702,0.6633204623387156,0.08,Not Significant,0.007816398
8.482573193848069,76.944319135396,0.3009216327233719,0.117,Not Significant,0.009812074
8.495229323548497,76.94438284313412,-0.10667144162292773,0.336,Not Significant,0.009812074
8.504269410878527,76.94442840894644,-0.2723759178792896,0.099,Not Significant,0.007816398
8.518733541384416,76.94450141875627,-0.14383412122180814,0.305,Not Significant,0.015632796
8.545853755431057,76.94463865891618,0.1867209424202713,0.363,Not Significant,0.013803426
8.63444617464661,76.9450901305722,-0.09692874993962669,0.457,Not Significant,0.035256944
8.442787714815621,76.94593540812942,0.7858515544938263,0.067,Not Significant,0.007816398
8.450019797696857,76.94597165749482,0.12375204553802853,0.308,Not Significant,0.003991352
8.451827817976694,76.94598072486173,-0.6163018962167077,0.062,Not Significant,0.01363712
8.460867916731162,76.94602609185166,-0.32346525143380495,0.137,Not Significant,0.007816398
8.469908011074434,76.946071509105,0.00820193668349524,0.468,Not Significant,0.009812074
8.486180169761429,76.94615338684295,0.070366156313403,0.355,Not Significant,0.015632796
8.487988186508993,76.94616249442467,0.14856630717231117,0.245,Not Significant,0.01363712
8.49160421947309,76.94618071562184,-0.19716568374322954,0.189,Not Significant,0.033094962000000006
8.49883628327611,76.94621718215227,-0.2644581289147831,0.094,Not Significant,0.01180775
8.545844628774908,76.94645499921698,0.20958692316681812,0.312,Not Significant,0.01363712
8.565732738726217,76.94655602366655,-0.27755553919642995,0.323,Not Significant,0.01363712
8.43916265279465,76.94773313280925,1.0274555119576765,0.066,Not Significant,0.007816398
8.440970672171806,76.94774219655221,-0.2729956448882699,0.294,Not Significant,0.023449194
8.455434820847753,76.94781477892846,-0.21435374448202357,0.221,Not Significant,0.009812074
8.459050856253924,76.94783294464429,-0.4748332279978141,0.053,Not Significant,0.009812074
8.480747053860632,76.94794210799058,-0.005720807618233514,0.462,Not Significant,0.01363712
8.482555069179082,76.94795121801893,0.19952506715187562,0.203,Not Significant,0.009812074
8.489787128683439,76.94798767826244,0.308437503766302,0.134,Not Significant,0.005820722
8.495211171452768,76.9480150445829,0.12215155050601466,0.255,Not Significant,0.007816398
8.502443225998078,76.94805156119637,-0.4351764338501148,0.083,Not Significant,0.009812074
8.504251239191218,76.94806069538328,-0.23242567692906366,0.25,Not Significant,0.005820722
8.534987436310436,76.94821628466579,-0.24424582253840618,0.164,Not Significant,0.007816398
8.591035663224117,76.94850150509757,-0.26709333597413326,0.446,Not Significant,0.005820722
8.605499693885088,76.94857542476987,-0.024167446391616595,0.412,Not Significant,0.009812074
8.4608498222318,76.94965796717737,-0.13119802874004444,0.452,Not Significant,0.003991352
8.475313939690926,76.949730794367,0.27516580327038054,0.107,Not Significant,0.003991352
8.48977804583631,76.94980375049413,0.16560751827670314,0.261,Not Significant,0.007816398
8.491586058308048,76.9498128790771,0.042845665023890214,0.397,Not Significant,0.013803426
8.500626118009386,76.94985855221891,-0.26952523829555974,0.219,Not Significant,0.007816398
8.502434129417923,76.94986769289297,-0.2669091185013858,0.234,Not Significant,0.007982704
8.527746270501241,76.94999587396144,-0.48079288223004685,0.064,Not Significant,0.009812074
8.592834472985631,76.95032729711835,-0.7680042960437317,0.142,Not Significant,0.009812074
8.448184664049702,76.95141022461637,0.010009396666289003,0.439,Not Significant,0.009812074
8.462648775686581,76.95148300662731,-0.5416088996104028,0.04,Cold Spot (95% Confidence),0.01363712
8.471688839723358,76.95152856090915,-0.12383222451170603,0.328,Not Significant,0.017628472
8.489768954538228,76.95161982071082,0.09971325249433322,0.316,Not Significant,0.015632796
8.504233033641492,76.95169297376604,-0.31494283762292963,0.169,Not Significant,0.015632796
8.506041042731562,76.95170212697514,0.0834251258400754,0.35,Not Significant,0.009812074
8.5295451447439,76.95182130228504,-0.15527471295664733,0.404,Not Significant,0.003991352
8.491567863331882,76.95344503447217,-0.09193837900993736,0.476,Not Significant,0.0236155
8.493375871697387,76.95345418205255,0.6207811527082251,0.057,Not Significant,0.007816398
8.509647939009396,76.95353660113014,-0.009785106060556069,0.463,Not Significant,0.01363712
8.513263952015945,76.95355493869152,0.13334342286946468,0.329,Not Significant,0.015632796
8.515071958252861,76.95356411050125,0.2857563928984667,0.206,Not Significant,0.013803426
8.52411198677239,76.95360999984196,0.20753004922523843,0.221,Not Significant,0.007816398
8.440934502222152,76.9550055593699,0.13572064585127847,0.262,Not Significant,0.015632796
8.478902703418882,76.95519707321856,0.6456410738593692,0.019,Hot Spot (95% Confidence),0.009812074
8.486134732907312,76.95523365305188,0.3806613892133904,0.045,Hot Spot (95% Confidence),0.009812074
8.49698277182771,76.9552885834191,0.0005732708019871844,0.462,Not Significant,0.009812074
8.525910844394131,76.95543542009045,-0.35915191321502876,0.124,Not Significant,0.017628472
8.446349466330679,76.95684872493962,-0.11670228591645045,0.372,Not Significant,0.017628472
8.462621539608481,76.95693082382775,-0.18001016339244447,0.32,Not Significant,0.009812074
8.47346958051545,76.95698564739959,0.3163896254596977,0.113,Not Significant,0.01363712
8.543981690904324,76.95734377545247,-0.3146098077672515,0.106,Not Significant,0.009812074
8.433684335453723,76.95860078335305,0.09334021321438962,0.309,Not Significant,0.01363712
8.480692489003987,76.95883825660911,0.2039061689031385,0.214,Not Significant,0.037086314
8.531316520553796,76.95909552732296,-0.021781723116111866,0.448,Not Significant,0.003991352
8.628948186591067,76.95959617752271,3.315671391971244,0.016,Hot Spot (95% Confidence),0.015632796
8.446331302315103,76.96048044083761,0.1458455255425748,0.257,Not Significant,0.009812074
8.464411343422361,76.96057184098456,-0.047365875399056144,0.48,Not Significant,0.009812074
8.475259359609288,76.96062677829912,0.504500798254903,0.101,Not Significant,0.01363712
8.477067361688238,76.96063594160854,0.4869864239139006,0.109,Not Significant,0.015632796
8.480683365315334,76.96065427430524,1.697253631299808,0.012,Hot Spot (95% Confidence),0.01363712
8.507803369931604,76.96079202787472,0.01430506144168307,0.444,Not Significant,0.003991352
8.515035364421028,76.96082883916893,0.33414625439555967,0.194,Not Significant,0.01363712
8.516843362599245,76.96083804705962,0.1242603438522858,0.314,Not Significant,0.017628472
8.522267356067378,76.96086568289367,0.01681010123279212,0.469,Not Significant,0.01363712
8.529499344868297,76.96090255905195,-0.5439456121016544,0.06,Not Significant,0.01363712
8.590971134459545,76.96121731632269,-0.3170263282264941,0.311,Not Significant,0.009812074
8.76634539049848,76.96212819704454,-0.2799147916023314,0.314,Not Significant,0.003991352
8.426434163833033,76.9621958967299,-0.17807357860423356,0.366,Not Significant,0.023449194
8.437282190400547,76.96225062943005,-0.18874077592096586,0.447,Not Significant,0.009812074
8.439090194212236,76.96225975864023,-0.1983313684388795,0.443,Not Significant,0.009812074
8.515026194772359,76.96264501627324,0.20071195669416225,0.248,Not Significant,0.01363712
8.527682164462083,76.96270957372221,0.0012284857555748673,0.422,Not Significant,0.007816398
8.549378092206362,76.96282047496202,-0.11620618091255758,0.375,Not Significant,0.01363712
8.45173710700638,76.96413959808858,-0.1676757886609204,0.299,Not Significant,0.007816398
8.502361052086103,76.96439667375608,-0.2461327834359984,0.191,Not Significant,0.01363712
8.518633004923185,76.96447964322192,-0.3653217810027051,0.169,Not Significant,0.01363712
8.52224899248767,76.96449810321806,-0.08823319874347514,0.405,Not Significant,0.01363712
8.538520927718801,76.96458127373286,-0.6396654055624252,0.099,Not Significant,0.003991352
8.760902584531609,76.96573444175642,-1.1001464969657702,0.001,Cold Spot (99% Confidence),0.009812074
8.480655943600203,76.96610231523005,0.2550384178189414,0.217,Not Significant,0.009812074
8.482463939219317,76.9661115100563,0.16583183238683644,0.266,Not Significant,0.01180775
8.518623814365194,76.96629583329907,0.1656734135886616,0.285,Not Significant,0.003991352
8.538511715396114,76.96639755762138,-0.25710572392726283,0.357,Not Significant,0.003991352
8.437254885771642,76.96769805542142,-0.18389823899188393,0.361,Not Significant,0.005820722
8.48426277324677,76.96793673345599,0.2971309997376179,0.182,Not Significant,0.015632796
8.486070766531675,76.96794594082895,0.35343520183955285,0.168,Not Significant,0.015632796
8.504150689630043,76.96803812641772,-0.1262665369829536,0.357,Not Significant,0.009812074
8.5385024945736,76.96821383947672,-0.8619784577771379,0.016,Cold Spot (95% Confidence),0.015632796
8.417357800943854,76.96941320184045,1.6468526386489841,0.06,Not Significant,0.009812074
8.489677576764771,76.96978041163938,0.1909018597479537,0.231,Not Significant,0.01363712
8.51318144295264,76.96990045595365,-0.7787197866853176,0.014,Cold Spot (95% Confidence),0.01180775
8.52583735846301,76.96996523772958,-0.1708596452802911,0.226,Not Significant,0.01363712
8.57646093315747,76.97022536290899,0.0287050557409304,0.401,Not Significant,0.015632796
8.47701246603357,76.9715319034523,0.09184567983219015,0.31,Not Significant,0.017628472
8.5131722329074,76.97171661438216,-0.29964206181458247,0.28,Not Significant,0.003991352
8.552947894331254,76.97192073802535,0.5381205668517711,0.108,Not Significant,0.009812074
8.511355029716382,76.97352350735588,-0.5415130456530907,0.08,Not Significant,0.003991352
8.552938632120872,76.97373708213745,0.4160804492493362,0.145,Not Significant,0.015632796
8.558362573305168,76.97376501930499,0.3583292686209114,0.149,Not Significant,0.007816398
8.439026351975945,76.97497044986615,-0.2161814378454745,0.314,Not Significant,0.003991352
8.491457983461537,76.97523779673772,-0.2320942556809316,0.387,Not Significant,0.009812074
8.554737339981658,76.97556274311098,-0.09847079673440648,0.466,Not Significant,0.031265592
8.451673108794493,76.97685068873129,-0.4394647350042789,0.089,Not Significant,0.007816398
8.473368935633987,76.97696137979183,-0.08394330279415395,0.472,Not Significant,0.01363712
8.47698490429754,76.9769798568976,0.02507106067110499,0.375,Not Significant,0.007816398
8.491448771865649,76.97705384703609,-0.2647242087917451,0.33,Not Significant,0.009812074
8.495064736984679,76.97707236500145,-0.1545978865209394,0.401,Not Significant,0.007816398
8.545688173989099,76.97733247485715,-0.08623088639633301,0.48,Not Significant,0.007816398
8.549304128430352,76.97735111545761,0.002324644357006291,0.449,Not Significant,0.01363712
8.55834401140819,76.97739775274131,0.0404520423654281,0.379,Not Significant,0.007816398
8.473359735495308,76.97877734324514,0.3544716676449082,0.173,Not Significant,0.009812074
8.480591664150593,76.9788143395261,-0.017785357164378273,0.44,Not Significant,0.003991352
8.514943286511171,76.97899051869206,-0.5155295472734097,0.156,Not Significant,0.01363712
8.538446991144598,76.97911148780791,0.5433328779074105,0.136,Not Significant,0.009812074
8.545678894202467,76.97914877864247,-0.2570638489985173,0.306,Not Significant,0.009812074
8.55471876900837,76.97919543823112,0.45205231994847267,0.089,Not Significant,0.007982704
8.56014269174804,76.97922345854417,-0.13061102844858383,0.447,Not Significant,0.007816398
8.399223177005533,76.98021563263634,0.06565828187763108,0.381,Not Significant,0.009812074
8.516742008457301,76.98081597698041,0.07965476461597609,0.405,Not Significant,0.007816398
8.538437710824548,76.9809277553788,-0.2299176500015071,0.415,Not Significant,0.017628472
8.565557302656861,76.98106789313412,-0.07734166097071785,0.449,Not Significant,0.015632796
8.38294216281991,76.98194872732208,-0.18131235982520913,0.471,Not Significant,0.015632796
8.39921404175849,76.98203124627248,-0.3975739865733275,0.259,Not Significant,0.013803426
8.40283001292587,76.98204960632638,-0.1483591586058519,0.476,Not Significant,0.009812074
8.469725352500904,76.98239074426775,0.007496856189114498,0.414,Not Significant,0.03725262
8.399204898152545,76.98384685786223,0.11341357533400727,0.333,Not Significant,0.007816398
8.543843034290683,76.98458832629969,-0.09940249140185846,0.421,Not Significant,0.01363712
8.467898926197213,76.98601334923647,1.4941476345013625,0.02,Hot Spot (95% Confidence),0.015632796
8.493210559780486,76.98614336825601,-0.20279685192554728,0.365,Not Significant,0.01363712
8.496826504597596,76.98616197524,0.18571316714553948,0.257,Not Significant,0.009812074
8.574569145875882,76.98656401198372,0.2673222887795824,0.239,Not Significant,0.009812074
8.478737525107784,76.98788500105158,0.10693337583519405,0.292,Not Significant,0.003991352
8.57094386606346,76.9883616417421,-0.08021982600325209,0.475,Not Significant,0.01363712
8.531159323769925,76.98997159955438,0.0703019019809738,0.348,Not Significant,0.007816398
8.540199145778038,76.99001843334717,-0.0283839831314029,0.466,Not Significant,0.007816398
8.552854889091627,76.99008408707583,0.28923995393231067,0.116,Not Significant,0.003991352
8.592630025282428,76.99029108390832,-0.18386298255023537,0.414,Not Significant,0.015632796
8.599861858900491,76.99032882674582,0.47581803763894925,0.089,Not Significant,0.007816398
8.444367579235154,76.99134042501005,-0.26059268417705816,0.232,Not Significant,0.027440546
8.462447284007448,76.99143324144919,0.6686636587637356,0.042,Hot Spot (95% Confidence),0.003991352
8.502222572176166,76.99163816188799,2.085587188258109,0.032,Hot Spot (95% Confidence),0.009812074
8.504030537779174,76.99164750012167,-0.25897990336865173,0.452,Not Significant,0.029269916
8.532957963224884,76.99179719184663,-0.4316938693026244,0.211,Not Significant,0.01363712
8.45339818828154,76.99320266149756,0.40776444481784324,0.134,Not Significant,0.003991352
8.529332707753074,76.993594662084,-0.18051684369787457,0.421,Not Significant,0.009812074
8.61973053488305,76.994066070096,0.8446859111334929,0.015,Hot Spot (95% Confidence),0.009812074
8.605257490068189,76.99580686663502,0.9313370004405828,0.015,Hot Spot (95% Confidence),0.003991352
8.690231010584549,76.99625432401399,,0.001,Not Significant,0.003991352
8.7679723908123,76.9966676997467,,0.001,Not Significant,0.009812074
8.491346886482553,76.99703026505685,-0.25026775768952214,0.315,Not Significant,0.013803426
8.558241311830697,76.99737764002815,-0.3794594534787412,0.251,Not Significant,0.02727424
8.60886395747241,76.99764239788989,0.8293485172422613,0.021,Hot Spot (95% Confidence),0.02544487
8.453370401154423,76.99865021108359,0.1444998310695143,0.31,Not Significant,0.003991352
8.456986325691664,76.99866884609861,-0.6687909790118418,0.032,Cold Spot (95% Confidence),0.035256944
8.484105737147335,76.99880887199384,-0.03375113386725923,0.445,Not Significant,0.003991352
8.603430671575948,76.99943050906693,0.5600622777390186,0.058,Not Significant,0.01363712
8.447937239857865,77.00043809444045,-0.0774046208563278,0.491,Not Significant,0.015632796
8.453361121952204,77.00046605681875,-0.2837191131713784,0.346,Not Significant,0.007816398
8.487712338217205,77.00064358383938,-0.5503334753436498,0.16,Not Significant,0.01363712
8.489520295194872,77.00065294803824,0.154571692451586,0.295,Not Significant,0.007816398
8.561838428301003,77.00102921182936,1.2460947883762405,0.054,Not Significant,0.009812074
8.607037116168295,77.00126605787513,1.3297017195822154,0.011,Hot Spot (95% Confidence),0.017628472
8.608845061347264,77.00127555862944,0.21756288990894676,0.229,Not Significant,0.047064694000000004
8.61065300634623,77.00128506145438,2.137040699610517,0.003,Hot Spot (99% Confidence),0.007816398
8.71008970300802,77.00181090699391,,0.001,Not Significant,0.009812074
8.607027657266384,77.00308262653003,1.0474573608717788,0.02,Hot Spot (95% Confidence),0.007816398
8.608835600429435,77.00309213589422,1.2062176295561644,0.011,Hot Spot (95% Confidence),0.01363712
8.52566065251436,77.00447303048185,-0.9077240079808333,0.065,Not Significant,0.009812074
8.608826130941498,77.0049087110865,0.4637857063269108,0.127,Not Significant,0.017628472
8.433445724945427,77.0058108653191,0.15870270587612606,0.285,Not Significant,0.007816398
8.603392834966272,77.00669671068157,0.11370371408273287,0.307,Not Significant,0.017628472
8.608816652883501,77.0067252842044,0.6380577551846883,0.082,Not Significant,0.01363712
8.404509142809726,77.00747751725413,0.07568870799987787,0.404,Not Significant,0.01363712
8.52744981884455,77.00811482815382,-0.2534004982616654,0.466,Not Significant,0.003991352
8.60519129186678,77.00852278693709,0.6825860565043632,0.069,Not Significant,0.007816398
8.451506649313108,77.00953588935707,-0.0999020584517041,0.471,Not Significant,0.01363712
8.498513302930947,77.00978005680251,-0.2190007356918882,0.345,Not Significant,0.009812074
8.63230081071004,77.01048268294919,0.2640502563474502,0.239,Not Significant,0.003991352
8.634108743266482,77.01049225587684,-1.077092575616451,0.114,Not Significant,0.01363712
8.447881424309704,77.01133297334842,0.27510310984182657,0.23,Not Significant,0.007816398
8.552742158981932,77.01187983413001,0.24493634325920619,0.24,Not Significant,0.007816398
8.446064145378921,77.01313940347862,-0.2953889699263886,0.335,Not Significant,0.01363712
8.355657337988271,77.0144886413972,-0.5592971454195583,0.163,Not Significant,0.01363712
8.366505057456116,77.01454435375153,0.26122484095432397,0.398,Not Significant,0.007816398
8.409895872174193,77.01476795180034,-0.19407652384498067,0.42,Not Significant,0.01363712
8.433399187829231,77.01488956769977,-0.19311251530454754,0.358,Not Significant,0.009812074
8.480396344181175,77.01694980868427,-0.14761896612876813,0.448,Not Significant,0.007816398
8.567177238749784,77.01740490773312,0.24371486733049552,0.337,Not Significant,0.003991352
8.568985169674116,77.01741444006159,-1.0851337600198327,0.04,Cold Spot (95% Confidence),0.01363712
8.417109027716664,77.01843664946037,0.022095860244648463,0.404,Not Significant,0.007816398
8.44782530609425,77.02222777746181,0.07915162767152281,0.364,Not Significant,0.019624148
8.639455993456789,77.02505463699858,-0.38690656827048797,0.299,Not Significant,0.015632796
8.724427829541067,77.02551047208863,-1.098951321667309,0.001,Cold Spot (99% Confidence),0.017628472
8.393568475387072,77.02557722645747,,0.001,Not Significant,0.007816398
8.54905047961005,77.02639105541304,-0.5592971454195583,0.163,Not Significant,0.01363712
8.737073457775871,77.02739592507719,0.8245517932226455,0.093,Not Significant,0.003991352
8.58519934196171,77.02839897415511,-0.9202103653384176,0.142,Not Significant,0.01363712
8.492985883277454,77.02972791347031,-0.3773338377653139,0.227,Not Significant,0.007816398
8.586997693924655,77.03022502166542,0.3665656729416003,0.208,Not Significant,0.003991352
8.438738675146682,77.03125944351679,0.4782844981678959,0.132,Not Significant,0.009812074
8.427881705827183,77.03301846696536,0.23163329120121648,0.279,Not Significant,0.003991352
8.342899657695169,77.03439209013088,1.1526492439794542,0.068,Not Significant,0.015632796
8.429680219678161,77.03484361107,-0.8505974429810731,0.107,Not Significant,0.01363712
8.445951529850646,77.03492881011924,-0.7734709300441222,0.102,Not Significant,0.02727424
8.449567374609272,77.03494776636119,1.7713977157365723,0.039,Hot Spot (95% Confidence),0.003991352
8.476686187697904,77.03509020620899,-0.6141373151430012,0.068,Not Significant,0.009812074
8.505612877597015,77.03524266352866,-0.5606776578209648,0.165,Not Significant,0.007816398
8.576121492750715,77.03561653465047,-0.3851479082905703,0.307,Not Significant,0.031265592
8.487524215356089,77.03696327952355,-0.5967414318529041,0.113,Not Significant,0.009812074
8.348304789074987,77.03805080068005,0.45267749895929443,0.151,Not Significant,0.027440546000000003
8.339246468771721,77.04163447111704,1.2237582252947696,0.067,Not Significant,0.009812074
8.460377031503684,77.04226802433855,0.0787118987389373,0.367,Not Significant,0.009812074
8.357316335216114,77.04354378105079,1.7534747864940217,0.047,Hot Spot (95% Confidence),0.01363712
8.729744272786297,77.04552805341922,,0.001,Not Significant,0.02727424
8.359114873537917,77.0453685536546,0.6389468485798117,0.146,Not Significant,0.023449194
8.478437123713793,77.04599522249694,-0.2799147916023314,0.35,Not Significant,0.003991352
8.42961409777351,77.04755342744966,1.6960535694312457,0.02,Hot Spot (95% Confidence),0.003991352
8.43141252585204,77.04937863261608,-0.917998680824808,0.011,Cold Spot (95% Confidence),0.039081990000000004
8.433220433293423,77.04938816028817,1.3402464207287492,0.041,Hot Spot (95% Confidence),0.003991352
8.420555599879327,77.05113714642641,0.8583366848146958,0.073,Not Significant,0.003991352
8.433210941238679,77.0512038546343,0.40943309575623693,0.174,Not Significant,0.007816398
8.360885170653848,77.0526394191599,0.8867104078968986,0.092,Not Significant,0.035090638
8.37715635599775,77.05272465226926,0.07849458414518701,0.35,Not Significant,0.003991352
8.400659154124984,77.05284806976009,0.28828676563016964,0.217,Not Significant,0.009812074
8.418738209338708,77.05294325002126,-0.2728873416085138,0.344,Not Significant,0.029602528000000003
8.420546113889074,77.05295277970613,0.5361460186968415,0.137,Not Significant,0.013803426
8.395216494900573,77.05645058197102,-0.6021641916580024,0.034,Cold Spot (95% Confidence),0.015632796
8.418719216357,77.05657449339179,0.9655203140227587,0.049,Hot Spot (95% Confidence),0.003991352
8.563350688019616,77.05734492925072,,0.001,Not Significant,0.009812074
8.40605441394603,77.05832328692597,-0.14410736697811707,0.379,Not Significant,0.015632796
8.391572229905654,77.06187802171543,-0.6458458031630735,0.039,Cold Spot (95% Confidence),0.003991352
8.38433114601906,77.06365533634724,-0.6122198949632567,0.034,Cold Spot (95% Confidence),0.003991352
8.391553215458616,77.06550899187029,-0.6184040554710616,0.145,Not Significant,0.003991352
8.391543695710872,77.06732447375022,-0.9666139350542783,0.01,Cold Spot (99% Confidence),0.007816398
8.315602690610607,77.0687398006525,0.09327599718466527,0.356,Not Significant,0.003991352
8.384302611728435,77.06910168141891,-0.8113249822400335,0.004,Cold Spot (99% Confidence),0.009812074
8.754916169199547,77.07110719913751,,0.001,Not Significant,0.009812074
8.395130854920488,77.07279008897609,-0.4559559496442436,0.078,Not Significant,0.009812074
8.330037431171153,77.0742613043835,-0.8154576564559405,0.043,Cold Spot (95% Confidence),0.04091136
8.49093879554204,77.07511747989265,0.09819332225860965,0.345,Not Significant,0.01363712
8.556022093650759,77.07546862087527,,0.001,Not Significant,0.009812074
8.353530447116468,77.07620060129156,-0.2788825315211908,0.388,Not Significant,0.007816398
8.427653541927677,77.07659439641965,-0.9849841688031327,0.063,Not Significant,0.01363712
8.320979018905774,77.07784399698508,-0.933901972878437,0.151,Not Significant,0.009812074
8.322786903853457,77.07785352863507,-0.10677525507422271,0.398,Not Significant,0.003991352
8.358944566018186,77.07804461184459,-0.4574901083479848,0.215,Not Significant,0.009812074
8.425836055533962,77.0784003774643,0.1652506692338617,0.353,Not Significant,0.003991352
8.413171324103226,77.08014841281063,-0.028391207805264027,0.463,Not Significant,0.007816398
8.50718053081363,77.08065303287323,-0.13073125482504097,0.444,Not Significant,0.01363712
8.375196364021951,77.08176166002224,-0.25935746648347735,0.26,Not Significant,0.01363712
8.404122350823767,77.08191572131447,-0.1548364357581064,0.439,Not Significant,0.017628472
8.433048292401542,77.08207033287091,-0.37289770787053284,0.27,Not Significant,0.009812074
8.58129302752161,77.0828713611422,0.7897142901837606,0.094,Not Significant,0.007816398
8.308295348665451,77.0832225786721,-0.46360674805723107,0.138,Not Significant,0.003991352
8.400496999573402,77.08371193811206,0.41205315958188315,0.171,Not Significant,0.009812074
8.51258466196068,77.08431438210691,-0.0004891829241095819,0.429,Not Significant,0.009812074
8.577667505754286,77.08466798770439,-0.2715929921467237,0.359,Not Significant,0.02544487
8.416758198994598,77.08561445432271,-0.2937597518445632,0.269,Not Significant,0.009812074
8.503535626393782,77.08608147493028,-0.24837168019866165,0.39,Not Significant,0.01363712
8.505343485099868,77.08609125732718,-0.0035103830511400745,0.41,Not Significant,0.009812074
8.575849834830427,77.08647445294406,1.1473777618280365,0.07,Not Significant,0.01180775
8.398669896846926,77.0873332749242,0.021664644988060252,0.394,Not Significant,0.01363712
8.505333741206947,77.08790724751731,-0.0923855480300893,0.497,Not Significant,0.009812074
8.302843181732172,77.0886391161641,0.18529098344847844,0.31,Not Significant,0.005820722
8.584869409435013,77.09015654788809,-0.2721899914363882,0.318,Not Significant,0.003991352
8.364301206849683,77.09078069263126,-0.5072453236525243,0.197,Not Significant,0.009812074
8.389611315620085,77.09091587148065,0.10862316956438649,0.32,Not Significant,0.01363712
8.404074219396158,77.09099330647098,0.06967540175212834,0.369,Not Significant,0.01363712
8.579436021979776,77.0919432069681,-0.050678570375539966,0.476,Not Significant,0.003991352
8.304631992875096,77.09227878144318,-0.8787367310520433,0.107,Not Significant,0.015632796
8.36609946573875,77.09260566888094,-0.273922831694505,0.409,Not Significant,0.007816398
8.492629968507796,77.096918377768,0.178926647232333,0.28,Not Significant,0.009812074
8.36787845174721,77.09806133704504,-0.43840192293415947,0.21,Not Significant,0.009812074
8.456453504347477,77.1003539193282,-0.27839461396385323,0.32,Not Significant,0.009812074
8.357012036284244,77.10163387264446,-0.35356316168298135,0.234,Not Significant,0.007816398
8.568529763083053,77.10278152198845,-0.4608498174524025,0.19,Not Significant,0.01363712
8.389534005665652,77.10543935847743,-0.23473867810489085,0.386,Not Significant,0.007982704
8.537776845109688,77.10624516890839,0.22231422320784391,0.376,Not Significant,0.003991352
8.31901822834828,77.1068763376429,-1.1007850302964797,0.001,Cold Spot (99% Confidence),0.007816398
8.403987056051774,77.10733282358963,0.6438072239744304,0.091,Not Significant,0.003991352
8.41664195449349,77.10740122193445,0.8143233851286195,0.101,Not Significant,0.023449194
8.418440052824725,77.10922656010867,0.7076263951853484,0.122,Not Significant,0.019624148
8.420247892451975,77.10923635059262,1.1745664519184893,0.074,Not Significant,0.01363712
8.496176996262095,77.1096495182422,0.7858056290325549,0.132,Not Significant,0.01363712
8.537757086276821,77.10987740607807,-1.0351584423695344,0.03,Cold Spot (95% Confidence),0.01363712
8.441932174563979,77.11116967189989,-0.27839461396385323,0.316,Not Significant,0.009812074
8.497974982811785,77.11147533042704,0.2490412638009038,0.298,Not Significant,0.017628472
8.573893731191085,77.11370907789679,0.2616137824290599,0.4,Not Significant,0.009812074
8.33525025117522,77.11422405835197,-0.5255927116673256,0.215,Not Significant,0.003991352
8.347895442980665,77.11610733440841,-0.7736515805062396,0.028,Cold Spot (95% Confidence),0.009812074
8.338846558556206,77.11787385157041,-0.907396207055235,0.044,Cold Spot (95% Confidence),0.007816398
8.380417010417977,77.11991370952505,-0.5237853235413592,0.173,Not Significant,0.01363712
8.378599424394672,77.12171927512678,0.11065654407104365,0.373,Not Significant,0.007816398
8.535879849622011,77.12258017547411,-0.5182505188757991,0.234,Not Significant,0.007816398
8.532254277631239,77.12437627267266,-0.5079916002071643,0.226,Not Significant,0.007816398
8.429198903610882,77.12562571645267,-0.560138100572857,0.164,Not Significant,0.009812074
8.383993574655499,77.12719482265344,-0.46626276706146463,0.232,Not Significant,0.009812074
8.36409775309189,77.12890208867353,-0.4263896117212773,0.12,Not Significant,0.015632796
8.382175959909276,77.12900035835348,-0.27168132203704876,0.386,Not Significant,0.007982704
8.436410474193472,77.12929648610012,0.21806441176884211,0.265,Not Significant,0.007816398
8.355048873980623,77.13066827501905,0.1411378510850776,0.314,Not Significant,0.003991352
8.468941201886464,77.1312908808837,-0.27839461396385323,0.319,Not Significant,0.009812074
8.369501636201374,77.13256215553808,0.0016271107408940236,0.401,Not Significant,0.009812074
8.373117269342362,77.13258183852699,0.20352342139216129,0.268,Not Significant,0.003991352
8.371299647830293,77.13438730550834,-0.6275069858118613,0.096,Not Significant,0.015632796
8.447227697469952,77.13480294298101,0.1667137154957597,0.303,Not Significant,0.019624148
8.449035504357546,77.13481288650242,1.0659396454637549,0.083,Not Significant,0.009812074
8.458074536122796,77.13486263718515,0.42076534277365363,0.174,Not Significant,0.009812074
8.449025598596988,77.13662855516368,0.16685757009416488,0.3,Not Significant,0.019624148
8.494210691107051,77.1386939496828,,0.001,Not Significant,0.009812074
8.353172452312306,77.1433650142606,0.27150146030273825,0.223,Not Significant,0.009812074
8.557443254036116,77.14631057292286,,0.001,Not Significant,0.01363712
8.380259891517252,77.1489593141309,0.3868167590579931,0.184,Not Significant,0.007816398
8.430878118472357,77.14923816327845,,0.001,Not Significant,0.019624148
8.476072846124897,77.14948860607822,0.8251007556470674,0.102,Not Significant,0.009812074
8.47606284065735,77.1513043838709,-0.2768136600476457,0.421,Not Significant,0.017628472
8.367585553455992,77.15252041730545,-0.453237094478213,0.226,Not Significant,0.019624148
8.342266569254138,77.15419678027045,0.18722863195274414,0.299,Not Significant,0.021619824000000003
8.510390599239766,77.15512768132481,,0.001,Not Significant,0.007816398
8.349487862960828,77.15605160593329,0.8942257445116857,0.092,Not Significant,0.01363712
8.33318811206657,77.16140769474723,1.0367009954158084,0.091,Not Significant,0.01363712
8.434353557480716,77.1746761135221,-0.27755553919642995,0.344,Not Significant,0.01363712
8.44876509848189,77.18383516028003,-0.38359260953990565,0.203,Not Significant,0.009812074
8.445139473564657,77.18563041123763,-0.3441524101795224,0.229,Not Significant,0.009812074
8.45597579815149,77.18750715065298,-0.4942122737391798,0.067,Not Significant,0.007816398
8.466812081471627,77.1893840705288,-0.7092448965917957,0.128,Not Significant,0.009812074
8.497543631085048,77.1895581456,-0.5815717706566762,0.155,Not Significant,0.015632796
8.502956616289342,77.19140478830472,-0.9507370636926945,0.103,Not Significant,0.009812074
8.504764350142173,77.19141506366057,-0.2342217289142945,0.446,Not Significant,0.003991352
8.445098876329817,77.19289275481222,-0.8219815646324716,0.008,Cold Spot (99% Confidence),0.01363712
8.448714350918715,77.19291317978539,-0.34355328341851865,0.23,Not Significant,0.003991352
8.421577982490987,77.19639115244586,,0.001,Not Significant,0.009812074
8.450501725671485,77.19655460451355,-0.5510913821730521,0.093,Not Significant,0.003991352
8.446865873225324,77.20016530725594,-0.712240182828965,0.04,Cold Spot (95% Confidence),0.009812074
