event_id,latitude,longitude,signal_lan,ahp_weighted_event_types_main_type,ahp_weighted_event_types_sub_type,ahp_weighted_event_types_label,ahp_weighted_event_types_ahp_weight,ahp_weighted_event_types_nor_weight
1219856,8.540960519,76.89519882,2024-12-26 00:01:37,NATURAL INCIDENTS,NIZHAL PANIC CALL,EMERGENCY,0.106,0.017628472
1219897,8.678608996,76.89931869999998,2024-12-26 00:32:55,PUBLIC DISTURBANCE,DRUNKEN ATROCITIES,MEDIUM,0.059,0.009812074
1219898,8.303438788,77.08831786999998,2024-12-26 00:32:40,PUBLIC NUISANCE,GENERAL NUISSANCE,LOW,0.035,0.005820722
1219924,8.453122083,76.99898958,2024-12-26 01:03:30,OTHERS,OTHERS,LOW,0.024,0.003991352
1219927,8.733925776,76.71130657,2024-12-26 01:07:21,TRAFFIC INCIDENTS,ACCIDENT,HIGH,0.082,0.01363712
1219928,8.558657342,76.89781666,2024-12-26 01:07:56,TRAFFIC INCIDENTS,ACCIDENT,HIGH,0.082,0.01363712
1219933,8.444992988,76.99162959999998,2024-12-26 01:15:35,MEDICAL EMERGENCIES,PERSON COLLAPSED,EMERGENCY,0.106,0.017628472
1219937,8.769851839,76.88146591,2024-12-26 01:23:29,VIOLENT CRIME,CRIME AGAINST WOMEN,HIGH,0.094,0.015632796
1219944,8.342632456,77.15475082,2024-12-26 01:38:22,PUBLIC NUISANCE,PUBLIC NUISANCE,LOW,0.024,0.003991352
1219959,8.601347009,76.85018062999998,2024-12-26 02:37:27,TRAFFIC INCIDENTS,VEHICLE BREAK DOWN,LOW,0.035,0.005820722
1219977,8.452931061,76.9995904,2024-12-26 03:46:08,SOCIAL ISSUES,FAMILY ISSUES,MEDIUM,0.047,0.007816398
1220036,8.394007145,77.02476025,2024-12-26 08:07:25,SOCIAL ISSUES,FAMILY ISSUES,MEDIUM,0.047,0.007816398
1220055,8.61912588,76.99398994,2024-12-26 08:42:36,SOCIAL ISSUES,LAND BOUNDARY ISSUES,MEDIUM,0.059,0.009812074
1220064,8.472329836,76.92296505,2024-12-26 08:59:21,OTHERS,OTHERS,LOW,0.024,0.003991352
1220067,8.533618430000002,76.90526246999998,2024-12-26 09:05:27,OTHERS,OTHERS,LOW,0.024,0.003991352
1220072,8.787778,76.91695,2024-12-26 09:36:41,SOCIAL ISSUES,DISPUTES BETWEEN NEIGHBOURS,MEDIUM,0.047,0.007816398
1220078,8.738591695,76.71898842,2024-12-26 09:46:59,OTHERS,ABANDONED VEHICLES,MEDIUM,0.047,0.007816398
1220080,8.490556,76.90611,2024-12-26 09:46:18,OTHERS,OTHERS,LOW,0.024,0.003991352
1220083,8.449153068,77.18337536,2024-12-26 09:54:51,PUBLIC DISTURBANCE,DRUNKEN ATROCITIES,MEDIUM,0.059,0.009812074
1220087,8.574316435,76.98720932,2024-12-26 09:56:05,PUBLIC NUISANCE,ILLEGAL MINING,MEDIUM,0.059,0.009812074
1220099,8.444356237,77.18504905999998,2024-12-26 10:20:31,PUBLIC DISTURBANCE,DRUNKEN ATROCITIES,MEDIUM,0.059,0.009812074
1220128,8.546986867,76.91562652999998,2024-12-26 11:01:17,OTHERS,OTHERS,LOW,0.024,0.003991352
1220142,8.481286052,76.94206237999998,2024-12-26 11:20:51,MEDICAL EMERGENCIES,PERSON COLLAPSED,EMERGENCY,0.106,0.017628472
1220143,8.403686905000002,77.08192348,2024-12-26 11:22:29,MEDICAL EMERGENCIES,PERSON COLLAPSED,EMERGENCY,0.106,0.017628472
1220236,8.301910028,77.09419726999998,2024-12-26 13:27:10,PUBLIC NUISANCE,ILLEGAL MINING,MEDIUM,0.059,0.009812074
1220236,8.301910028,77.09419726999998,2024-12-26 13:27:10,PUBLIC NUISANCE,ILLEGAL MINING,MEDIUM,0.059,0.009812074
1220238,8.329554181000002,77.07338333,2024-12-26 13:30:57,TRAFFIC INCIDENTS,ACCIDENT,HIGH,0.082,0.01363712
1220238,8.329554181000002,77.07338333,2024-12-26 13:30:57,TRAFFIC INCIDENTS,ACCIDENT,HIGH,0.082,0.01363712
1220238,8.329554181000002,77.07338333,2024-12-26 13:30:57,TRAFFIC INCIDENTS,ACCIDENT,HIGH,0.082,0.01363712
1220256,8.446478736,77.19976902,2024-12-26 14:00:47,PUBLIC DISTURBANCE,DRUNKEN ATROCITIES,MEDIUM,0.059,0.009812074
1220274,8.764422857,76.8663168,2024-12-26 14:17:30,SOCIAL ISSUES,FAMILY ISSUES,MEDIUM,0.047,0.007816398
1220302,8.607711856,77.0033884,2024-12-26 14:52:25,SOCIAL ISSUES,FAMILY ISSUES,MEDIUM,0.047,0.007816398
1220311,8.367259185,77.15188621999998,2024-12-26 15:02:55,PUBLIC DISTURBANCE,DRUNKEN ATROCITIES,MEDIUM,0.059,0.009812074
1220311,8.367259185,77.15188621999998,2024-12-26 15:02:55,PUBLIC DISTURBANCE,DRUNKEN ATROCITIES,MEDIUM,0.059,0.009812074
1220313,8.322335466,77.07818985,2024-12-26 15:01:21,OTHERS,OTHERS,LOW,0.024,0.003991352
1220322,8.610088038000002,77.00158596,2024-12-26 15:18:14,SOCIAL ISSUES,FAMILY ISSUES,MEDIUM,0.047,0.007816398
1220325,8.361187567,77.05338478,2024-12-26 15:15:15,SOCIAL ISSUES,FAMILY ISSUES,MEDIUM,0.047,0.007816398
1220341,8.761216,76.93954499999998,2024-12-26 15:28:06,PUBLIC DISTURBANCE,DRUNKEN ATROCITIES,MEDIUM,0.059,0.009812074
1220364,8.7636594,76.78887606,2024-12-26 16:00:05,PUBLIC DISTURBANCE,DRUNKEN ATROCITIES,MEDIUM,0.059,0.009812074
1220454,8.639152628,76.89476967,2024-12-26 17:53:50,OTHERS,OTHERS,LOW,0.024,0.003991352
1220462,8.640340622,77.02540397999998,2024-12-26 17:57:15,MISSING PERSONS,MISSING,HIGH,0.094,0.015632796
1220464,8.426930079,76.96146011,2024-12-26 18:08:54,TRAFFIC INCIDENTS,ACCIDENT,HIGH,0.082,0.01363712
1220482,8.826554497,76.80962563,2024-12-26 18:22:01,OTHERS,OTHERS,LOW,0.024,0.003991352
1220486,8.565235089,76.94639683,2024-12-26 18:28:15,TRAFFIC INCIDENTS,ACCIDENT,HIGH,0.082,0.01363712
1220541,8.447200383,76.95695399999998,2024-12-26 19:17:10,FIRE & HAZARDS,FIRE,EMERGENCY,0.106,0.017628472
1220542,8.441283899,76.95445954999998,2024-12-26 19:19:00,FIRE & HAZARDS,VEHICLE FIRE,EMERGENCY,0.094,0.015632796
1220548,8.567781282,76.8721962,2024-12-26 19:23:48,THEFT & BURGLARY,THEFT,MEDIUM,0.071,0.01180775
1220550,8.545289314,76.97736561,2024-12-26 19:22:23,SOCIAL ISSUES,FAMILY ISSUES,MEDIUM,0.047,0.007816398
1220554,8.533618430000002,76.88245295999998,2024-12-26 19:27:23,OTHERS,OTHERS,LOW,0.024,0.003991352
1220565,8.491303183,76.94935798999998,2024-12-26 19:37:51,MISSING PERSONS,SUSPECIOUSLY FOUND PERSONS OR VEHICLES,MEDIUM,0.059,0.009812074
1220569,8.382034476,77.12874413,2024-12-26 19:41:32,PUBLIC NUISANCE,PUBLIC NUISANCE,LOW,0.024,0.003991352
1220579,8.470249927,76.94643974,2024-12-26 19:49:03,MISSING PERSONS,SUSPECIOUSLY FOUND PERSONS OR VEHICLES,MEDIUM,0.059,0.009812074
1220597,8.379359681,77.14882851,2024-12-26 20:05:58,SOCIAL ISSUES,FAMILY ISSUES,MEDIUM,0.047,0.007816398
1220601,8.434252982,77.00544834,2024-12-26 20:10:48,SOCIAL ISSUES,FAMILY ISSUES,MEDIUM,0.047,0.007816398
1220607,8.641104331,76.83374405,2024-12-26 20:16:49,SOCIAL ISSUES,FAMILY ISSUES,MEDIUM,0.047,0.007816398
1220610,8.389676648,77.09003448,2024-12-26 20:21:16,TRAFFIC INCIDENTS,ACCIDENT,HIGH,0.082,0.01363712
1220666,8.51070002,76.90176486999998,2024-12-26 21:02:59,TRAFFIC INCIDENTS,TRAFFIC BLOCK,MEDIUM,0.059,0.009812074
1220680,8.480055115000003,76.95940018,2024-12-26 21:10:21,VIOLENT CRIME,ASSAULT,HIGH,0.082,0.01363712
1220723,8.64759579,76.92835092999998,2024-12-26 21:39:04,PUBLIC DISTURBANCE,DRUNKEN ATROCITIES,MEDIUM,0.059,0.009812074
1220726,8.564640974,76.88058615,2024-12-26 21:44:35,TRAFFIC INCIDENTS,ACCIDENT,HIGH,0.082,0.01363712
1220754,8.766670805,76.79911137,2024-12-26 22:06:28,PUBLIC NUISANCE,GENERAL NUISSANCE,LOW,0.035,0.005820722
1220758,8.515984109,76.9801712,2024-12-26 22:11:45,SOCIAL ISSUES,DISPUTES BETWEEN NEIGHBOURS,MEDIUM,0.047,0.007816398
1220780,8.558105655,76.97381973,2024-12-26 22:30:20,SOCIAL ISSUES,DISPUTES BETWEEN NEIGHBOURS,MEDIUM,0.047,0.007816398
1220781,8.729938491,76.8985033,2024-12-26 22:28:35,MISSING PERSONS,SUSPECIOUSLY FOUND PERSONS OR VEHICLES,MEDIUM,0.059,0.009812074
1220784,8.552928245,76.97321891999998,2024-12-26 22:30:12,PUBLIC DISTURBANCE,VERBAL ABUSE,MEDIUM,0.047,0.007816398
1220784,8.552928245,76.97321891999998,2024-12-26 22:30:12,PUBLIC DISTURBANCE,VERBAL ABUSE,MEDIUM,0.047,0.007816398
1220787,8.392139093000003,77.06231117,2024-12-26 22:31:44,OTHERS,OTHERS,LOW,0.024,0.003991352
1220791,8.506370833,76.90150738,2024-12-26 22:36:39,TRAFFIC INCIDENTS,ACCIDENT,HIGH,0.082,0.01363712
1220795,8.737997854,76.71632767,2024-12-26 22:38:54,VIOLENT CRIME,ASSAULT,HIGH,0.082,0.01363712
1220796,8.735792151,76.85005187999998,2024-12-26 22:40:09,PUBLIC DISTURBANCE,DRUNKEN ATROCITIES,MEDIUM,0.059,0.009812074
1220798,8.457515543,77.13535308999998,2024-12-26 22:43:14,PUBLIC DISTURBANCE,DRUNKEN ATROCITIES,MEDIUM,0.059,0.009812074
1220799,8.497415203,76.91768646,2024-12-26 22:44:05,TRAFFIC INCIDENTS,ACCIDENT,HIGH,0.082,0.01363712
1220818,8.689808759,76.99596405,2024-12-26 22:55:38,OTHERS,OTHERS,LOW,0.024,0.003991352
1220835,8.569903098,76.84859276,2024-12-26 23:04:11,PUBLIC DISTURBANCE,DRUNKEN ATROCITIES,MEDIUM,0.059,0.009812074
1220838,8.615954174000002,76.87024355,2024-12-26 23:08:47,MISSING PERSONS,SUSPECIOUSLY FOUND PERSONS OR VEHICLES,MEDIUM,0.059,0.009812074
1220857,8.476595737,76.97643757,2024-12-26 23:25:21,PUBLIC DISTURBANCE,VERBAL ABUSE,MEDIUM,0.047,0.007816398
1220865,8.578496328,76.86601639,2024-12-26 23:32:22,TRAFFIC INCIDENTS,ACCIDENT,HIGH,0.082,0.01363712
1220867,8.476489621000002,76.95987225,2024-12-26 23:32:45,VIOLENT CRIME,CRIME AGAINST WOMEN,HIGH,0.094,0.015632796
1220885,8.495844763,76.92858696,2024-12-26 23:51:38,OTHERS,OTHERS,LOW,0.024,0.003991352
1220891,8.398889511,76.98261737999998,2024-12-26 23:52:09,OTHERS,OTHERS,LOW,0.024,0.003991352
1220923,8.461877117,76.9506669,2024-12-27 00:26:56,TRAFFIC INCIDENTS,ACCIDENT,HIGH,0.082,0.01363712
1220950,8.353205156,77.14389323999998,2024-12-27 01:10:49,OTHERS,SALE OF CONTRABANDS,MEDIUM,0.059,0.009812074
1220952,8.50632839,76.91193581,2024-12-27 01:20:31,MISSING PERSONS,SUSPECIOUSLY FOUND PERSONS OR VEHICLES,MEDIUM,0.059,0.009812074
1220964,8.497160537,76.95459366,2024-12-27 01:42:54,MISSING PERSONS,SUSPECIOUSLY FOUND PERSONS OR VEHICLES,MEDIUM,0.059,0.009812074
1220974,8.38386012,77.06454277,2024-12-27 02:26:12,OTHERS,OTHERS,LOW,0.024,0.003991352
1220980,8.554583326,76.97858334,2024-12-27 02:38:29,OTHERS,OTHERS,LOW,0.024,0.003991352
1220980,8.554583326,76.97858334,2024-12-27 02:38:29,OTHERS,OTHERS,LOW,0.024,0.003991352
1221006,8.582113914000002,76.90384625999998,2024-12-27 07:14:59,MISSING PERSONS,SUSPECIOUSLY FOUND PERSONS OR VEHICLES,MEDIUM,0.059,0.009812074
1221027,8.784346407,76.89255953,2024-12-27 08:13:51,TRAFFIC INCIDENTS,RASH DRIVING,MEDIUM,0.071,0.01180775
1221054,8.490618758,77.07572222,2024-12-27 09:21:37,TRAFFIC INCIDENTS,ACCIDENT,HIGH,0.082,0.01363712
1221061,8.491090958,76.94927216,2024-12-27 09:38:04,OTHERS,OTHERS,LOW,0.024,0.003991352
1221065,8.417696657,77.01862335,2024-12-27 09:52:08,SOCIAL ISSUES,DISPUTES BETWEEN NEIGHBOURS,MEDIUM,0.047,0.007816398
1221069,8.564475833,76.88077916999998,2024-12-27 09:59:19,OTHERS,OTHERS,LOW,0.024,0.003991352
1221070,8.445884438,77.01226115,2024-12-27 10:02:38,VIOLENT CRIME,ROBBERY,HIGH,0.082,0.01363712
1221078,8.484002588,76.99922562,2024-12-27 10:12:40,OTHERS,OTHERS,LOW,0.024,0.003991352
1221096,8.451997179,76.96369171,2024-12-27 10:44:33,SOCIAL ISSUES,DISPUTES BETWEEN NEIGHBOURS,MEDIUM,0.047,0.007816398
1221123,8.532048138,76.94356440999998,2024-12-27 11:28:36,TRAFFIC INCIDENTS,ACCIDENT,HIGH,0.082,0.01363712
1221152,8.578591807,77.09135413,2024-12-27 12:22:28,PUBLIC NUISANCE,PUBLIC NUISANCE,LOW,0.024,0.003991352
1221164,8.461633040000002,76.94957255999998,2024-12-27 12:31:52,OTHERS,OTHERS,LOW,0.024,0.003991352
1221244,8.529395604,76.91210746999998,2024-12-27 14:36:33,PUBLIC DISTURBANCE,DRUNKEN ATROCITIES,MEDIUM,0.059,0.009812074
1221262,8.763023185,76.79125786,2024-12-27 15:06:04,OTHERS,OTHERS,LOW,0.024,0.003991352
1221342,8.507474356,76.91064835,2024-12-27 16:58:08,TRAFFIC INCIDENTS,TRAFFIC BLOCK,MEDIUM,0.059,0.009812074
1221363,8.507463745000003,76.91075562999998,2024-12-27 17:23:33,TRAFFIC INCIDENTS,TRAFFIC BLOCK,MEDIUM,0.059,0.009812074
1221397,8.561840137000003,76.94240569999998,2024-12-27 18:10:42,TRAFFIC INCIDENTS,TRAFFIC BLOCK,MEDIUM,0.059,0.009812074
1221421,8.447964479,77.00042725,2024-12-27 18:34:01,VIOLENT CRIME,CRIME AGAINST WOMEN,HIGH,0.094,0.015632796
1221430,8.507049925,76.9110775,2024-12-27 18:47:28,TRAFFIC INCIDENTS,ACCIDENT,HIGH,0.082,0.01363712
1221445,8.425677743,77.07853317,2024-12-27 19:01:25,OTHERS,OTHERS,LOW,0.024,0.003991352
1221451,8.674239302,76.76417827999998,2024-12-27 19:05:15,PUBLIC DISTURBANCE,DRUNKEN ATROCITIES,MEDIUM,0.059,0.009812074
1221481,8.432215319000003,77.05020905,2024-12-27 19:43:18,TRAFFIC INCIDENTS,RASH DRIVING,MEDIUM,0.071,0.01180775
1221486,8.558148093,77.14719771999998,2024-12-27 19:47:38,TRAFFIC INCIDENTS,ACCIDENT,HIGH,0.082,0.01363712
1221502,8.489647828000003,76.94274901999998,2024-12-27 20:05:03,TRAFFIC INCIDENTS,ACCIDENT,HIGH,0.082,0.01363712
1221521,8.419500906,77.05308436999998,2024-12-27 20:15:44,OTHERS,OTHERS,LOW,0.024,0.003991352
1221532,8.633170173,77.01029778,2024-12-27 20:27:44,PUBLIC NUISANCE,PUBLIC NUISANCE,LOW,0.024,0.003991352
1221541,8.564980468,76.98025703,2024-12-27 20:30:51,TRAFFIC INCIDENTS,HIT & RUN INCIDENTS,HIGH,0.094,0.015632796
1221565,8.545957727,76.94479287,2024-12-27 20:44:19,PUBLIC NUISANCE,PUBLIC NUISANCE,LOW,0.024,0.003991352
1221574,8.384104246,77.06839442,2024-12-27 20:54:32,PUBLIC DISTURBANCE,DRUNKEN ATROCITIES,MEDIUM,0.059,0.009812074
1221593,8.498985636,76.94073199999998,2024-12-27 21:16:03,PUBLIC DISTURBANCE,DRUNKEN ATROCITIES,MEDIUM,0.059,0.009812074
1221608,8.529682079000002,76.93740606,2024-12-27 21:29:18,TRAFFIC INCIDENTS,TRAFFIC BLOCK,MEDIUM,0.059,0.009812074
1221660,8.657056999,76.82614803,2024-12-27 22:15:06,PUBLIC NUISANCE,GENERAL NUISSANCE,LOW,0.035,0.005820722
1221664,8.759460359,76.92189217,2024-12-27 22:17:09,PUBLIC DISTURBANCE,DRUNKEN ATROCITIES,MEDIUM,0.059,0.009812074
1221677,8.749450333,76.80104256,2024-12-27 22:25:27,VIOLENT CRIME,SUCIDE ATTEMPT,HIGH,0.094,0.015632796
1221679,8.7811761,76.74465179,2024-12-27 22:31:09,PUBLIC NUISANCE,PUBLIC NUISANCE,LOW,0.024,0.003991352
1221684,8.50334674,76.9482851,2024-12-27 22:34:48,PUBLIC NUISANCE,GENERAL NUISSANCE,LOW,0.035,0.005820722
1221688,8.371547474,77.13359355999998,2024-12-27 22:38:55,VIOLENT CRIME,CRIME AGAINST WOMEN,HIGH,0.094,0.015632796
1221690,8.535952635,76.89047813,2024-12-27 22:40:05,TRAFFIC INCIDENTS,ACCIDENT,HIGH,0.082,0.01363712
1221697,8.549193676,77.02566147,2024-12-27 22:47:17,VIOLENT CRIME,ASSAULT,HIGH,0.082,0.01363712
1221699,8.751655955,76.79692267999998,2024-12-27 22:50:03,MISSING PERSONS,SUSPECIOUSLY FOUND PERSONS OR VEHICLES,MEDIUM,0.059,0.009812074
1221702,8.755134025,77.07037925999998,2024-12-27 22:51:43,PUBLIC DISTURBANCE,DRUNKEN ATROCITIES,MEDIUM,0.059,0.009812074
1221731,8.400884894000002,77.08325386,2024-12-27 23:16:05,PUBLIC DISTURBANCE,DRUNKEN ATROCITIES,MEDIUM,0.059,0.009812074
1221736,8.499282745,76.92060471,2024-12-27 23:20:17,PUBLIC DISTURBANCE,VERBAL ABUSE,MEDIUM,0.047,0.007816398
1221762,8.477890355,77.04685091999998,2024-12-27 23:31:02,OTHERS,OTHERS,LOW,0.024,0.003991352
1221767,8.319405479,77.10747956999998,2024-12-27 23:37:57,PUBLIC NUISANCE,SOUND OR NOISE POLUTION,MEDIUM,0.047,0.007816398
1221773,8.517957665000003,76.96695328,2024-12-27 23:41:49,OTHERS,OTHERS,LOW,0.024,0.003991352
1221775,8.439177291,76.97562218,2024-12-27 23:47:21,PUBLIC NUISANCE,PUBLIC NUISANCE,LOW,0.024,0.003991352
1221778,8.525172732,76.95476532,2024-12-27 23:48:10,TRAFFIC INCIDENTS,ACCIDENT,HIGH,0.082,0.01363712
1221794,8.456496774,76.99913979,2024-12-28 00:03:46,MEDICAL EMERGENCIES,PERSON COLLAPSED,EMERGENCY,0.106,0.017628472
1221807,8.521480332,76.96532249,2024-12-28 00:12:59,TRAFFIC INCIDENTS,ACCIDENT,HIGH,0.082,0.01363712
1221824,8.394665207,77.0563674,2024-12-28 00:45:30,VIOLENT CRIME,CRIME AGAINST WOMEN,HIGH,0.094,0.015632796
1221848,8.795596007,76.76877021999998,2024-12-28 01:42:46,MISSING PERSONS,SUSPECIOUSLY FOUND PERSONS OR VEHICLES,MEDIUM,0.059,0.009812074
1221848,8.795596007,76.76877021999998,2024-12-28 01:42:46,MISSING PERSONS,SUSPECIOUSLY FOUND PERSONS OR VEHICLES,MEDIUM,0.059,0.009812074
1221873,8.75598233,76.89691544,2024-12-28 04:38:01,PUBLIC DISTURBANCE,DRUNKEN ATROCITIES,MEDIUM,0.059,0.009812074
1221873,8.75598233,76.89691544,2024-12-28 04:38:01,PUBLIC DISTURBANCE,DRUNKEN ATROCITIES,MEDIUM,0.059,0.009812074
1221896,8.518360864,76.96510791999998,2024-12-28 07:11:53,VIOLENT CRIME,THREAT,HIGH,0.082,0.01363712
1221903,8.472457177000003,76.92214966,2024-12-28 07:48:22,PUBLIC DISTURBANCE,VERBAL ABUSE,MEDIUM,0.047,0.007816398
1221909,8.629250765,76.95994197999998,2024-12-28 08:16:28,VIOLENT CRIME,CRIME AGAINST WOMEN,HIGH,0.094,0.015632796
1221914,8.347494235,77.0377636,2024-12-28 08:25:33,SOCIAL ISSUES,LAND BOUNDARY ISSUES,MEDIUM,0.059,0.009812074
1221936,8.343057068,77.15415000999998,2024-12-28 09:49:16,PUBLIC NUISANCE,TRESSPASSING TO PROPERTY,MEDIUM,0.047,0.007816398
1221968,8.483132449,76.94369315999998,2024-12-28 10:45:20,TRAFFIC INCIDENTS,TRAFFIC BLOCK,MEDIUM,0.059,0.009812074
1222014,8.477763015000003,76.93442344999998,2024-12-28 11:51:26,OTHERS,OTHERS,LOW,0.024,0.003991352
1222031,8.531072008000002,76.99042797,2024-12-28 12:05:29,TRAFFIC INCIDENTS,OBSTRUCTIVE PARKING,MEDIUM,0.047,0.007816398
1222038,8.488294888,76.90597056999998,2024-12-28 12:10:12,PUBLIC DISTURBANCE,DRUNKEN ATROCITIES,MEDIUM,0.059,0.009812074
1222049,8.498889,76.94583,2024-12-28 12:22:56,TRAFFIC INCIDENTS,RASH DRIVING,MEDIUM,0.071,0.01180775
1222063,8.579111638000002,76.9046402,2024-12-28 12:42:01,PUBLIC NUISANCE,ILLEGAL MINING,MEDIUM,0.059,0.009812074
1222064,8.524323907,76.95360660999998,2024-12-28 12:43:12,TRAFFIC INCIDENTS,OBSTRUCTIVE PARKING,MEDIUM,0.047,0.007816398
1222075,8.723915064,77.02484608,2024-12-28 12:55:33,FIRE & HAZARDS,HAZARDOUS CONDITION INCIDENTS,EMERGENCY,0.106,0.017628472
1222081,8.516026551,76.89680815,2024-12-28 13:03:27,OTHERS,OTHERS,LOW,0.024,0.003991352
1222083,8.737870602,76.71504021,2024-12-28 13:02:44,TRAFFIC INCIDENTS,ACCIDENT,HIGH,0.082,0.01363712
1222096,8.609196972,77.00216532,2024-12-28 13:21:00,SOCIAL ISSUES,FAMILY ISSUES,MEDIUM,0.047,0.007816398
1222096,8.609196972,77.00216532,2024-12-28 13:21:00,SOCIAL ISSUES,FAMILY ISSUES,MEDIUM,0.047,0.007816398
1222100,8.502243205,76.96407795,2024-12-28 13:25:34,TRAFFIC INCIDENTS,ACCIDENT,HIGH,0.082,0.01363712
1222104,8.77054106,76.87792539999998,2024-12-28 13:27:31,PUBLIC NUISANCE,TRESSPASSING TO PROPERTY,MEDIUM,0.047,0.007816398
1222112,8.623612898,76.88659966,2024-12-28 13:39:52,PUBLIC DISTURBANCE,DRUNKEN ATROCITIES,MEDIUM,0.059,0.009812074
1222138,8.491557853,76.95300579,2024-12-28 14:12:50,MISSING PERSONS,SUSPECIOUSLY FOUND PERSONS OR VEHICLES,MEDIUM,0.059,0.009812074
1222140,8.770445629,76.88077927,2024-12-28 14:17:39,VIOLENT CRIME,CRIME AGAINST WOMEN,HIGH,0.094,0.015632796
1222142,8.609303051,76.99801861999998,2024-12-28 14:19:04,TRAFFIC INCIDENTS,HIT & RUN INCIDENTS,HIGH,0.094,0.015632796
1222163,8.724699812000003,76.81879342,2024-12-28 14:39:41,SOCIAL ISSUES,FAMILY ISSUES,MEDIUM,0.047,0.007816398
1222203,8.695769102,76.81742549,2024-12-28 15:25:50,TRAFFIC INCIDENTS,TRAFFIC BLOCK,MEDIUM,0.059,0.009812074
1222205,8.530796145,76.95987225,2024-12-28 15:26:02,OTHERS,OTHERS,LOW,0.024,0.003991352
1222219,8.800854892,76.87996386999998,2024-12-28 15:39:27,SOCIAL ISSUES,DISPUTES BETWEEN NEIGHBOURS,MEDIUM,0.047,0.007816398
1222221,8.489478047,76.96892737999998,2024-12-28 15:42:34,TRAFFIC INCIDENTS,ACCIDENT,HIGH,0.082,0.01363712
1222222,8.307961335,77.08374739,2024-12-28 15:40:04,OTHERS,OTHERS,LOW,0.024,0.003991352
1222244,8.593412017,76.99090004,2024-12-28 16:09:36,PUBLIC DISTURBANCE,VERBAL ABUSE,MEDIUM,0.047,0.007816398
1222244,8.593412017,76.99090004,2024-12-28 16:09:36,PUBLIC DISTURBANCE,VERBAL ABUSE,MEDIUM,0.047,0.007816398
1222252,8.492555306,76.95332766,2024-12-28 16:20:28,TRAFFIC INCIDENTS,OBSTRUCTIVE PARKING,MEDIUM,0.047,0.007816398
1222255,8.515453581,76.89777374,2024-12-28 16:22:23,OTHERS,OTHERS,LOW,0.024,0.003991352
1222256,8.416210798,77.08577513999998,2024-12-28 16:19:56,PUBLIC DISTURBANCE,DRUNKEN ATROCITIES,MEDIUM,0.059,0.009812074
1222260,8.460571833,77.04265594,2024-12-28 16:26:18,PUBLIC NUISANCE,WASTAGE DUMPING ISSUE,MEDIUM,0.059,0.009812074
1222270,8.563198121,77.05707549999998,2024-12-28 16:35:39,PUBLIC DISTURBANCE,DRUNKEN ATROCITIES,MEDIUM,0.059,0.009812074
1222317,8.534424794,76.94734097,2024-12-28 17:30:20,OTHERS,ABANDONED VEHICLES,MEDIUM,0.047,0.007816398
1222318,8.766077009,76.73048973,2024-12-28 17:28:36,OTHERS,OTHERS,LOW,0.024,0.003991352
1222325,8.398629473,77.08683729,2024-12-28 17:34:02,VIOLENT CRIME,ASSAULT,HIGH,0.082,0.01363712
1222333,8.517405919,76.96085929999998,2024-12-28 17:46:56,FIRE & HAZARDS,HAZARDOUS CONDITION INCIDENTS,EMERGENCY,0.106,0.017628472
1222337,8.550997307,76.91069125999998,2024-12-28 17:48:20,MISSING PERSONS,SUSPECIOUSLY FOUND PERSONS OR VEHICLES,MEDIUM,0.059,0.009812074
1222368,8.498179198000003,77.18942642,2024-12-28 18:14:43,VIOLENT CRIME,SUCIDE ATTEMPT,HIGH,0.094,0.015632796
1222372,8.503940949,76.96803688999998,2024-12-28 18:16:28,PUBLIC DISTURBANCE,DRUNKEN ATROCITIES,MEDIUM,0.059,0.009812074
1222374,8.494582039000003,76.9439131,2024-12-28 18:19:01,PUBLIC DISTURBANCE,DRUNKEN ATROCITIES,MEDIUM,0.059,0.009812074
1222439,8.498094310000003,76.93459511,2024-12-28 19:15:02,TRAFFIC INCIDENTS,TRAFFIC BLOCK,MEDIUM,0.059,0.009812074
1222460,8.709895373,77.00114608,2024-12-28 19:25:04,PUBLIC DISTURBANCE,DRUNKEN ATROCITIES,MEDIUM,0.059,0.009812074
1222462,8.492491639000002,77.03021049,2024-12-28 19:27:29,PUBLIC NUISANCE,SOUND OR NOISE POLUTION,MEDIUM,0.047,0.007816398
1222467,8.566550624,77.01737880999998,2024-12-28 19:30:23,OTHERS,OTHERS,LOW,0.024,0.003991352
1222478,8.494231871,76.93567872,2024-12-28 19:35:28,TRAFFIC INCIDENTS,OBSTRUCTIVE PARKING,MEDIUM,0.047,0.007816398
1222503,8.523209823,76.93761528,2024-12-28 19:58:14,VIOLENT CRIME,ASSAULT,HIGH,0.082,0.01363712
1222532,8.546010775,76.94450854999998,2024-12-28 20:17:27,PUBLIC DISTURBANCE,DRUNKEN ATROCITIES,MEDIUM,0.059,0.009812074
1222543,8.538711223,76.98021412,2024-12-28 20:27:21,PUBLIC DISTURBANCE,DRUNKEN ATROCITIES,MEDIUM,0.059,0.009812074
1222572,8.532324001,76.94310308,2024-12-28 20:46:24,PUBLIC DISTURBANCE,DRUNKEN ATROCITIES,MEDIUM,0.059,0.009812074
1222582,8.526021554,76.9691956,2024-12-28 20:52:59,TRAFFIC INCIDENTS,ACCIDENT,HIGH,0.082,0.01363712
1222586,8.538711223,76.96480751,2024-12-28 20:57:20,OTHERS,OTHERS,LOW,0.024,0.003991352
1222593,8.515283812,76.89944744,2024-12-28 21:03:55,TRAFFIC INCIDENTS,ACCIDENT,HIGH,0.082,0.01363712
1222604,8.671608975,76.78816795,2024-12-28 21:11:04,PUBLIC NUISANCE,PUBLIC NUISANCE,LOW,0.024,0.003991352
1222605,8.446393836,77.03407287999998,2024-12-28 21:10:36,TRAFFIC INCIDENTS,ACCIDENT,HIGH,0.082,0.01363712
1222605,8.446393836,77.03407287999998,2024-12-28 21:10:36,TRAFFIC INCIDENTS,ACCIDENT,HIGH,0.082,0.01363712
1222645,8.553607253,76.97223185999998,2024-12-28 21:43:49,PUBLIC DISTURBANCE,DRUNKEN ATROCITIES,MEDIUM,0.059,0.009812074
1222646,8.54961806,76.97725296,2024-12-28 21:44:35,VIOLENT CRIME,ASSAULT,HIGH,0.082,0.01363712
1222653,8.503866673,77.08595753,2024-12-28 21:52:46,VIOLENT CRIME,ASSAULT,HIGH,0.082,0.01363712
1222656,8.777925833,76.78413389,2024-12-28 21:56:29,PUBLIC DISTURBANCE,DRUNKEN ATROCITIES,MEDIUM,0.059,0.009812074
1222671,8.820956716,76.81237221,2024-12-28 22:05:54,PUBLIC DISTURBANCE,DRUNKEN ATROCITIES,MEDIUM,0.059,0.009812074
1222682,8.782448467,76.78679466,2024-12-28 22:14:40,VIOLENT CRIME,THREAT,HIGH,0.082,0.01363712
1222685,8.493085866,77.09621429,2024-12-28 22:17:51,OTHERS,SALE OF CONTRABANDS,MEDIUM,0.059,0.009812074
1222698,8.510954677000003,76.89760208,2024-12-28 22:21:51,SOCIAL ISSUES,DISPUTES BETWEEN NEIGHBOURS,MEDIUM,0.047,0.007816398
1222711,8.588786731000003,76.86387062,2024-12-28 22:34:28,PUBLIC NUISANCE,PUBLIC NUISANCE,LOW,0.024,0.003991352
1222722,8.659263165,76.78949833,2024-12-28 22:42:00,VIOLENT CRIME,ASSAULT,HIGH,0.082,0.01363712
1222723,8.4331917,77.05055237,2024-12-28 22:41:38,SOCIAL ISSUES,FAMILY ISSUES,MEDIUM,0.047,0.007816398
1222745,8.509808721000002,77.15453625,2024-12-28 22:42:13,SOCIAL ISSUES,FAMILY ISSUES,MEDIUM,0.047,0.007816398
1222764,8.737913019000002,76.70611382,2024-12-28 23:08:11,PUBLIC DISTURBANCE,DRUNKEN ATROCITIES,MEDIUM,0.059,0.009812074
1222771,8.364711665,77.09123610999998,2024-12-28 23:11:52,PUBLIC DISTURBANCE,DRUNKEN ATROCITIES,MEDIUM,0.059,0.009812074
1222786,8.59192684,76.94931506999998,2024-12-28 23:26:34,PUBLIC NUISANCE,GENERAL NUISSANCE,LOW,0.035,0.005820722
1222804,8.700711237,76.81503295999998,2024-12-28 23:39:53,VIOLENT CRIME,ASSAULT,HIGH,0.082,0.01363712
1222817,8.443761935,76.9440794,2024-12-28 23:54:44,PUBLIC NUISANCE,SOUND OR NOISE POLUTION,MEDIUM,0.047,0.007816398
1222820,8.794493328,76.76980019,2024-12-28 23:57:26,TRAFFIC INCIDENTS,VEHICLE BREAK DOWN,LOW,0.035,0.005820722
1222821,8.638304059,76.82653426999998,2024-12-29 00:00:38,VIOLENT CRIME,ASSAULT,HIGH,0.082,0.01363712
1222895,8.508280775,76.89116477999998,2024-12-29 01:54:31,VIOLENT CRIME,SUCIDE ATTEMPT,HIGH,0.094,0.015632796
1222953,8.535570676000003,77.12204932999998,2024-12-29 06:46:40,PUBLIC NUISANCE,SOUND OR NOISE POLUTION,MEDIUM,0.047,0.007816398
1222977,8.467575741,76.98647975999998,2024-12-29 08:37:50,MEDICAL EMERGENCIES,BLEEDING,HIGH,0.094,0.015632796
1222981,8.532302781,77.12453841999998,2024-12-29 08:45:25,PUBLIC NUISANCE,SOUND OR NOISE POLUTION,MEDIUM,0.047,0.007816398
1222983,8.776680367000003,76.873312,2024-12-29 08:50:37,OTHERS,ABANDONED VEHICLES,MEDIUM,0.047,0.007816398
1222996,8.738019062,76.70518040999998,2024-12-29 09:30:06,OTHERS,OTHERS,LOW,0.024,0.003991352
1223003,8.633923611,76.94433694,2024-12-29 09:40:30,FIRE & HAZARDS,HAZARDOUS CONDITION INCIDENTS,EMERGENCY,0.106,0.017628472
1223003,8.633923611,76.94433694,2024-12-29 09:40:30,FIRE & HAZARDS,HAZARDOUS CONDITION INCIDENTS,EMERGENCY,0.106,0.017628472
1223008,8.490889345,76.95274293,2024-12-29 09:47:26,OTHERS,OTHERS,LOW,0.024,0.003991352
1223035,8.504864095,76.95137501,2024-12-29 10:42:15,TRAFFIC INCIDENTS,OBSTRUCTIVE PARKING,MEDIUM,0.047,0.007816398
1223050,8.605632685,76.94086075,2024-12-29 11:02:11,VIOLENT CRIME,ASSAULT,HIGH,0.082,0.01363712
1223084,8.580596866,76.90498352,2024-12-29 11:52:27,PUBLIC DISTURBANCE,DRUNKEN ATROCITIES,MEDIUM,0.059,0.009812074
1223086,8.419140057,77.10999012,2024-12-29 11:53:35,TRAFFIC INCIDENTS,TRAFFIC BLOCK,MEDIUM,0.059,0.009812074
1223086,8.419140057,77.10999012,2024-12-29 11:53:35,TRAFFIC INCIDENTS,TRAFFIC BLOCK,MEDIUM,0.059,0.009812074
1223116,8.638388916,76.84610367,2024-12-29 12:40:35,TRAFFIC INCIDENTS,ACCIDENT,HIGH,0.082,0.01363712
1223127,8.567951028,76.87374115,2024-12-29 13:00:32,TRAFFIC INCIDENTS,HIT & RUN INCIDENTS,HIGH,0.094,0.015632796
1223169,8.5261525,76.95463667,2024-12-29 13:47:28,OTHERS,OTHERS,LOW,0.024,0.003991352
1223177,8.64384094,76.83198452,2024-12-29 13:59:35,PUBLIC NUISANCE,ILLEGAL MINING,MEDIUM,0.059,0.009812074
1223179,8.508836111000003,76.95287693999998,2024-12-29 14:01:27,TRAFFIC INCIDENTS,ACCIDENT,HIGH,0.082,0.01363712
1223189,8.447778,77.02138499999998,2024-12-29 14:13:11,PUBLIC DISTURBANCE,DRUNKEN ATROCITIES,MEDIUM,0.059,0.009812074
1223189,8.447778,77.02138499999998,2024-12-29 14:13:11,PUBLIC DISTURBANCE,DRUNKEN ATROCITIES,MEDIUM,0.059,0.009812074
1223196,8.737149508,77.02714204999998,2024-12-29 14:15:46,OTHERS,OTHERS,LOW,0.024,0.003991352
1223204,8.358257871,77.0458746,2024-12-29 14:28:49,PUBLIC DISTURBANCE,DRUNKEN ATROCITIES,MEDIUM,0.059,0.009812074
1223269,8.392308917,77.06621647,2024-12-29 15:40:20,OTHERS,OTHERS,LOW,0.024,0.003991352
1223282,8.392139093000003,77.06668854,2024-12-29 15:49:16,SOCIAL ISSUES,FAMILY ISSUES,MEDIUM,0.047,0.007816398
1223288,8.586452850000002,77.03072548,2024-12-29 15:55:06,OTHERS,OTHERS,LOW,0.024,0.003991352
1223298,8.485700413,76.94648266,2024-12-29 16:03:51,VIOLENT CRIME,CRIME AGAINST WOMEN,HIGH,0.094,0.015632796
1223325,8.502550922,76.94984078,2024-12-29 16:32:10,OTHERS,OTHERS,LOW,0.024,0.003991352
1223361,8.576523085,77.0864296,2024-12-29 17:23:54,TRAFFIC INCIDENTS,RASH DRIVING,MEDIUM,0.071,0.01180775
1223363,8.490369394,76.94890737999998,2024-12-29 17:24:45,TRAFFIC INCIDENTS,OBSTRUCTIVE PARKING,MEDIUM,0.047,0.007816398
1223386,8.490157169,76.95184707999998,2024-12-29 17:47:14,MISSING PERSONS,MISSING,HIGH,0.094,0.015632796
1223387,8.480267346,77.01630591999998,2024-12-29 17:43:28,SOCIAL ISSUES,FAMILY ISSUES,MEDIUM,0.047,0.007816398
1223391,8.482516984,76.94884299999998,2024-12-29 17:51:51,PUBLIC DISTURBANCE,DRUNKEN ATROCITIES,MEDIUM,0.059,0.009812074
1223418,8.502678253,76.99209093999998,2024-12-29 18:19:13,PUBLIC DISTURBANCE,DRUNKEN ATROCITIES,MEDIUM,0.059,0.009812074
1223435,8.464222371,76.95987225,2024-12-29 18:36:06,SOCIAL ISSUES,ISSUES RELATED TO SENIOR CITIZENS,MEDIUM,0.059,0.009812074
1223446,8.420456093,77.05196857,2024-12-29 18:42:31,OTHERS,OTHERS,LOW,0.024,0.003991352
1223456,8.471847001,76.95177196999998,2024-12-29 18:48:49,VIOLENT CRIME,ASSAULT,HIGH,0.082,0.01363712
1223459,8.709428748000002,76.74810648,2024-12-29 18:52:15,OTHERS,OTHERS,LOW,0.024,0.003991352
1223459,8.709428748000002,76.74810648,2024-12-29 18:52:15,OTHERS,OTHERS,LOW,0.024,0.003991352
1223475,8.780836801,76.87781811,2024-12-29 18:59:30,MEDICAL EMERGENCIES,PERSON COLLAPSED,EMERGENCY,0.106,0.017628472
1223478,8.480649361,76.96639537999998,2024-12-29 19:00:55,PUBLIC DISTURBANCE,DRUNKEN ATROCITIES,MEDIUM,0.059,0.009812074
1223514,8.53124177,76.88863277,2024-12-29 19:21:28,PUBLIC DISTURBANCE,DRUNKEN ATROCITIES,MEDIUM,0.059,0.009812074
1223535,8.6367342,76.84614657999998,2024-12-29 19:38:17,TRAFFIC INCIDENTS,TRAFFIC BLOCK,MEDIUM,0.059,0.009812074
1223536,8.489806997000002,76.94123089,2024-12-29 19:38:08,TRAFFIC INCIDENTS,OBSTRUCTIVE PARKING,MEDIUM,0.047,0.007816398
1223585,8.693287405,76.83571815,2024-12-29 20:10:13,OTHERS,ABANDONED VEHICLES,MEDIUM,0.047,0.007816398
1223619,8.77154838,76.87846184,2024-12-29 20:32:09,PUBLIC NUISANCE,PUBLIC NUISANCE,LOW,0.024,0.003991352
1223620,8.684845269,76.87150955,2024-12-29 20:32:34,MISSING PERSONS,MISSING,HIGH,0.094,0.015632796
1223636,8.505988844000003,76.90979004,2024-12-29 20:40:24,TRAFFIC INCIDENTS,HIT & RUN INCIDENTS,HIGH,0.094,0.015632796
1223648,8.505288529,77.08848417,2024-12-29 20:53:51,PUBLIC DISTURBANCE,DRUNKEN ATROCITIES,MEDIUM,0.059,0.009812074
1223650,8.661002634000003,76.78447722999998,2024-12-29 20:54:20,PUBLIC DISTURBANCE,DRUNKEN ATROCITIES,MEDIUM,0.059,0.009812074
1223651,8.494210649,76.97630882,2024-12-29 20:54:41,PUBLIC NUISANCE,TRESSPASSING TO PROPERTY,MEDIUM,0.047,0.007816398
1223662,8.743692325,76.87392354,2024-12-29 21:02:38,PUBLIC DISTURBANCE,DRUNKEN ATROCITIES,MEDIUM,0.059,0.009812074
1223663,8.427222,77.076385,2024-12-29 21:04:51,TRAFFIC INCIDENTS,ACCIDENT,HIGH,0.082,0.01363712
1223672,8.339442543000002,77.04223752,2024-12-29 21:09:37,PUBLIC DISTURBANCE,DRUNKEN ATROCITIES,MEDIUM,0.059,0.009812074
1223677,8.469358533,77.13196277999998,2024-12-29 21:15:13,PUBLIC DISTURBANCE,DRUNKEN ATROCITIES,MEDIUM,0.059,0.009812074
1223687,8.655911484000002,76.78391933,2024-12-29 21:23:57,VIOLENT CRIME,ASSAULT,HIGH,0.082,0.01363712
1223688,8.399844749,76.98068619,2024-12-29 21:25:45,PUBLIC DISTURBANCE,DRUNKEN ATROCITIES,MEDIUM,0.059,0.009812074
1223696,8.492873642,76.92772865,2024-12-29 21:27:34,THEFT & BURGLARY,ATTEMPT OF THEFT,MEDIUM,0.059,0.009812074
1223699,8.578262934,77.08441257,2024-12-29 21:30:03,TRAFFIC INCIDENTS,ACCIDENT,HIGH,0.082,0.01363712
1223705,8.603935393,76.99961184999998,2024-12-29 21:32:21,VIOLENT CRIME,ASSAULT,HIGH,0.082,0.01363712
1223729,8.432979444000003,77.01579094,2024-12-29 21:45:31,PUBLIC DISTURBANCE,DRUNKEN ATROCITIES,MEDIUM,0.059,0.009812074
1223748,8.478007082,76.95479751,2024-12-29 21:54:55,PUBLIC DISTURBANCE,DRUNKEN ATROCITIES,MEDIUM,0.059,0.009812074
1223762,8.700393076,76.80123568,2024-12-29 22:06:02,VIOLENT CRIME,ASSAULT,HIGH,0.082,0.01363712
1223763,8.73735099,76.8444407,2024-12-29 22:08:18,PUBLIC DISTURBANCE,DRUNKEN ATROCITIES,MEDIUM,0.059,0.009812074
1223764,8.736884399,76.84417247999998,2024-12-29 22:08:25,PUBLIC DISTURBANCE,DRUNKEN ATROCITIES,MEDIUM,0.059,0.009812074
1223769,8.451111,77.21055599999998,2024-12-29 22:12:24,OTHERS,OTHERS,LOW,0.024,0.003991352
1223771,8.525639584,76.89176559,2024-12-29 22:12:32,PUBLIC DISTURBANCE,DRUNKEN ATROCITIES,MEDIUM,0.059,0.009812074
1223779,8.503729167,76.91169972,2024-12-29 22:17:40,TRAFFIC INCIDENTS,ACCIDENT,HIGH,0.082,0.01363712
1223804,8.496725483000002,76.98619544999998,2024-12-29 22:38:36,PUBLIC DISTURBANCE,DRUNKEN ATROCITIES,MEDIUM,0.059,0.009812074
1223837,8.373797745,77.13344336,2024-12-29 22:58:32,OTHERS,OTHERS,LOW,0.024,0.003991352
1223846,8.566852985000002,76.87454581,2024-12-29 23:03:10,PUBLIC NUISANCE,WASTAGE DUMPING ISSUE,MEDIUM,0.059,0.009812074
1223850,8.736810169,76.84404372999998,2024-12-29 23:04:28,PUBLIC DISTURBANCE,DRUNKEN ATROCITIES,MEDIUM,0.059,0.009812074
1223855,8.477222,77.03471999999998,2024-12-29 23:14:20,OTHERS,ASSISTANCE FOR HOSPITALIZATION OF CHALLENGED PERSONS,MEDIUM,0.059,0.009812074
1223859,8.509808721000002,76.91657066,2024-12-29 23:15:46,PUBLIC DISTURBANCE,DRUNKEN ATROCITIES,MEDIUM,0.059,0.009812074
1223868,8.50645572,76.95171833,2024-12-29 23:26:20,PUBLIC DISTURBANCE,DRUNKEN ATROCITIES,MEDIUM,0.059,0.009812074
1223881,8.419331095,77.05264449,2024-12-29 23:35:07,VIOLENT CRIME,ASSAULT,HIGH,0.082,0.01363712
1223892,8.773157,76.73573,2024-12-29 23:43:39,OTHERS,OTHERS,LOW,0.024,0.003991352
1223896,8.742408,76.70489999999998,2024-12-29 23:52:41,TRAFFIC INCIDENTS,ACCIDENT,HIGH,0.082,0.01363712
1223898,8.476563902000002,76.9417727,2024-12-29 23:55:01,PUBLIC DISTURBANCE,DRUNKEN ATROCITIES,MEDIUM,0.059,0.009812074
1223911,8.34351,77.03449,2024-12-30 00:06:53,VIOLENT CRIME,CRIME AGAINST WOMEN,HIGH,0.094,0.015632796
1223942,8.507007482000002,77.08072185999998,2024-12-30 00:43:58,TRAFFIC INCIDENTS,ACCIDENT,HIGH,0.082,0.01363712
1223953,8.560609459,76.97845459,2024-12-30 00:54:23,SOCIAL ISSUES,FAMILY ISSUES,MEDIUM,0.047,0.007816398
1223961,8.529438045,76.95240497999998,2024-12-30 01:11:12,OTHERS,OTHERS,LOW,0.024,0.003991352
1224021,8.412432446,77.08059310999998,2024-12-30 05:37:52,SOCIAL ISSUES,FAMILY ISSUES,MEDIUM,0.047,0.007816398
1224080,8.67708173,76.90927505,2024-12-30 08:59:45,TRAFFIC INCIDENTS,ACCIDENT,HIGH,0.082,0.01363712
1224081,8.677590820000002,76.91189289,2024-12-30 09:01:56,TRAFFIC INCIDENTS,TRAFFIC BLOCK,MEDIUM,0.059,0.009812074
1224090,8.464604402000003,76.92675233,2024-12-30 09:13:12,THEFT & BURGLARY,THEFT,MEDIUM,0.071,0.01180775
1224096,8.768537015,76.72697067,2024-12-30 09:20:40,PUBLIC NUISANCE,TRESSPASSING TO PROPERTY,MEDIUM,0.047,0.007816398
1224099,8.771760447,76.72259330999998,2024-12-30 09:22:02,SOCIAL ISSUES,DISPUTES BETWEEN NEIGHBOURS,MEDIUM,0.047,0.007816398
1224119,8.502956667,77.19178667,2024-12-30 09:49:37,SOCIAL ISSUES,ISSUES RELATED TO SENIOR CITIZENS,MEDIUM,0.059,0.009812074
1224156,8.545034680000002,76.87155246999998,2024-12-30 10:48:03,OTHERS,ABANDONED VEHICLES,MEDIUM,0.047,0.007816398
1224165,8.538499025,77.10617064999998,2024-12-30 10:57:44,OTHERS,OTHERS,LOW,0.024,0.003991352
1224185,8.546774674,76.91601276,2024-12-30 11:22:01,VIOLENT CRIME,ASSAULT,HIGH,0.082,0.01363712
1224209,8.539595556,76.92498193999998,2024-12-30 12:10:17,SOCIAL ISSUES,FAMILY ISSUES,MEDIUM,0.047,0.007816398
1224211,8.526870374,76.89159393,2024-12-30 12:17:35,TRAFFIC INCIDENTS,ACCIDENT,HIGH,0.082,0.01363712
1224227,8.419649491,77.10938930999998,2024-12-30 12:45:36,VIOLENT CRIME,ASSAULT,HIGH,0.082,0.01363712
1224228,8.475513349,77.14874268,2024-12-30 12:44:16,PUBLIC NUISANCE,WASTAGE DUMPING ISSUE,MEDIUM,0.059,0.009812074
1224243,8.43798867,77.03192711,2024-12-30 13:12:48,SOCIAL ISSUES,LAND BOUNDARY ISSUES,MEDIUM,0.059,0.009812074
1224258,8.577159616,77.08415508,2024-12-30 13:42:27,TRAFFIC INCIDENTS,RASH DRIVING,MEDIUM,0.071,0.01180775
1224289,8.735961821,76.80868149,2024-12-30 14:29:05,PUBLIC DISTURBANCE,DRUNKEN ATROCITIES,MEDIUM,0.059,0.009812074
1224289,8.735961821,76.80868149,2024-12-30 14:29:05,PUBLIC DISTURBANCE,DRUNKEN ATROCITIES,MEDIUM,0.059,0.009812074
1224327,8.487721667000002,77.00141417,2024-12-30 15:24:21,VIOLENT CRIME,ASSAULT,HIGH,0.082,0.01363712
1224338,8.358724926000002,77.04596042999998,2024-12-30 15:30:48,VIOLENT CRIME,ASSAULT,HIGH,0.082,0.01363712
1224343,8.491133403,76.99643612,2024-12-30 15:37:22,PUBLIC DISTURBANCE,DRUNKEN ATROCITIES,MEDIUM,0.059,0.009812074
1224352,8.491727632,76.95429325,2024-12-30 15:45:52,MISSING PERSONS,SUSPECIOUSLY FOUND PERSONS OR VEHICLES,MEDIUM,0.059,0.009812074
1224378,8.389670833,77.10481889,2024-12-30 16:12:13,OTHERS,OTHERS,LOW,0.024,0.003991352
1224378,8.389670833,77.10481889,2024-12-30 16:12:13,OTHERS,OTHERS,LOW,0.024,0.003991352
1224439,8.569389444,77.10325249999998,2024-12-30 17:12:52,VIOLENT CRIME,ASSAULT,HIGH,0.082,0.01363712
1224451,8.473173469000002,76.95759773,2024-12-30 17:20:06,VIOLENT CRIME,ASSAULT,HIGH,0.082,0.01363712
1224476,8.606141871,76.94892883,2024-12-30 17:40:54,PUBLIC DISTURBANCE,DRUNKEN ATROCITIES,MEDIUM,0.059,0.009812074
1224485,8.428564478,77.12642669999998,2024-12-30 17:48:06,MISSING PERSONS,SUSPECIOUSLY FOUND PERSONS OR VEHICLES,MEDIUM,0.059,0.009812074
1224492,8.403432178,76.98182344,2024-12-30 17:56:23,PUBLIC DISTURBANCE,DRUNKEN ATROCITIES,MEDIUM,0.059,0.009812074
1224503,8.459317,76.94871999999998,2024-12-30 18:06:41,TRAFFIC INCIDENTS,TRAFFIC BLOCK,MEDIUM,0.059,0.009812074
1224508,8.567738846,76.89056395999998,2024-12-30 18:08:57,TRAFFIC INCIDENTS,ACCIDENT,HIGH,0.082,0.01363712
1224519,8.454586575,76.93493843,2024-12-30 18:12:08,OTHERS,OTHERS,LOW,0.024,0.003991352
1224526,8.453611,76.99333,2024-12-30 18:20:49,OTHERS,OTHERS,LOW,0.024,0.003991352
1224539,8.529353163,76.96025847999998,2024-12-30 18:32:00,TRAFFIC INCIDENTS,ACCIDENT,HIGH,0.082,0.01363712
1224542,8.452506570000002,76.97712421,2024-12-30 18:32:27,SOCIAL ISSUES,FAMILY ISSUES,MEDIUM,0.047,0.007816398
1224546,8.739906625,76.71757221,2024-12-30 18:39:18,PUBLIC DISTURBANCE,DRUNKEN ATROCITIES,MEDIUM,0.059,0.009812074
1224563,8.476362281,77.15209007,2024-12-30 19:00:37,SOCIAL ISSUES,FAMILY ISSUES,MEDIUM,0.047,0.007816398
1224596,8.507177254,76.89519882,2024-12-30 19:39:13,OTHERS,OTHERS,LOW,0.024,0.003991352
1224604,8.403601996000003,77.09187984,2024-12-30 19:47:23,TRAFFIC INCIDENTS,ACCIDENT,HIGH,0.082,0.01363712
1224610,8.511803531,76.97442055,2024-12-30 19:53:37,OTHERS,OTHERS,LOW,0.024,0.003991352
1224660,8.400863667,77.05291271,2024-12-30 20:44:46,PUBLIC DISTURBANCE,DRUNKEN ATROCITIES,MEDIUM,0.059,0.009812074
1224662,8.545756142,76.94562435,2024-12-30 20:45:00,VIOLENT CRIME,ASSAULT,HIGH,0.082,0.01363712
1224681,8.570921565000003,76.92330837,2024-12-30 21:02:39,VIOLENT CRIME,ASSAULT,HIGH,0.082,0.01363712
1224695,8.496210845,77.10991502,2024-12-30 21:17:35,TRAFFIC INCIDENTS,ACCIDENT,HIGH,0.082,0.01363712
1224699,8.429073900000002,77.04844952,2024-12-30 21:18:50,OTHERS,OTHERS,LOW,0.024,0.003991352
1224734,8.658292666,76.78043782999998,2024-12-30 21:45:09,PUBLIC NUISANCE,PUBLIC NUISANCE,LOW,0.024,0.003991352
1224774,8.58359913,76.92071199,2024-12-30 22:17:32,VIOLENT CRIME,ASSAULT,HIGH,0.082,0.01363712
1224777,8.419331095,77.05256939,2024-12-30 22:20:38,PUBLIC NUISANCE,PUBLIC NUISANCE,LOW,0.024,0.003991352
1224777,8.419331095,77.05256939,2024-12-30 22:20:38,PUBLIC NUISANCE,PUBLIC NUISANCE,LOW,0.024,0.003991352
1224781,8.491982301,76.97454929,2024-12-30 22:22:26,PUBLIC DISTURBANCE,DRUNKEN ATROCITIES,MEDIUM,0.059,0.009812074
1224795,8.489308267,76.92614079,2024-12-30 22:36:49,TRAFFIC INCIDENTS,TRAFFIC BLOCK,MEDIUM,0.059,0.009812074
1224805,8.48731334,77.03699111999998,2024-12-30 22:51:11,PUBLIC DISTURBANCE,DRUNKEN ATROCITIES,MEDIUM,0.059,0.009812074
1224813,8.581912348,77.08325386,2024-12-30 22:59:11,TRAFFIC INCIDENTS,OBSTRUCTIVE PARKING,MEDIUM,0.047,0.007816398
1224841,8.508323218,76.96115971,2024-12-30 23:21:40,PUBLIC NUISANCE,PUBLIC NUISANCE,LOW,0.024,0.003991352
1224852,8.608857517000002,77.00119972,2024-12-30 23:37:45,PUBLIC DISTURBANCE,DRUNKEN ATROCITIES,MEDIUM,0.059,0.009812074
1224875,8.50382423,76.94440126,2024-12-30 23:54:26,PUBLIC NUISANCE,SOUND OR NOISE POLUTION,MEDIUM,0.047,0.007816398
1224892,8.587641009,76.85889244,2024-12-31 00:20:38,OTHERS,OTHERS,LOW,0.024,0.003991352
1224904,8.504354774,76.95087075,2024-12-31 00:35:01,PUBLIC NUISANCE,SOUND OR NOISE POLUTION,MEDIUM,0.047,0.007816398
1224910,8.683880138,76.86429977,2024-12-31 00:48:25,PUBLIC NUISANCE,TRESSPASSING TO PROPERTY,MEDIUM,0.047,0.007816398
1224910,8.683880138,76.86429977,2024-12-31 00:48:25,PUBLIC NUISANCE,TRESSPASSING TO PROPERTY,MEDIUM,0.047,0.007816398
1224919,8.760278,76.68971999999998,2024-12-31 01:03:40,PUBLIC DISTURBANCE,DRUNKEN ATROCITIES,MEDIUM,0.059,0.009812074
1224922,8.466689647000003,76.92388773,2024-12-31 01:08:34,VIOLENT CRIME,ASSAULT,HIGH,0.082,0.01363712
1224928,8.487292117000003,76.94326400999998,2024-12-31 01:17:11,OTHERS,OTHERS,LOW,0.024,0.003991352
1224963,8.744614885000003,76.92180634,2024-12-31 02:46:38,TRAFFIC INCIDENTS,ACCIDENT,HIGH,0.082,0.01363712
1224997,8.522965785,76.92695618,2024-12-31 08:04:22,OTHERS,OTHERS,LOW,0.024,0.003991352
1224999,8.473093881,76.97721004,2024-12-31 08:08:02,TRAFFIC INCIDENTS,ACCIDENT,HIGH,0.082,0.01363712
1225017,8.479720851,76.91237031999998,2024-12-31 08:49:20,VIOLENT CRIME,ASSAULT,HIGH,0.082,0.01363712
1225027,8.656123616,76.82507515,2024-12-31 09:12:57,SOCIAL ISSUES,DISPUTES BETWEEN NEIGHBOURS,MEDIUM,0.047,0.007816398
1225028,8.576968657,76.96937799,2024-12-31 09:23:13,MISSING PERSONS,MISSING,HIGH,0.094,0.015632796
1225029,8.419776849,77.05334186999998,2024-12-31 09:22:04,OTHERS,OTHERS,LOW,0.024,0.003991352
1225079,8.69969312,76.79022788999998,2024-12-31 10:54:45,OTHERS,OTHERS,LOW,0.024,0.003991352
1225091,8.443331000000002,76.94343,2024-12-31 11:18:55,VIOLENT CRIME,ASSAULT,HIGH,0.082,0.01363712
1225115,8.659602574000003,76.78730964999998,2024-12-31 11:53:24,SOCIAL ISSUES,LAND BOUNDARY ISSUES,MEDIUM,0.059,0.009812074
1225116,8.50382423,76.99145794,2024-12-31 11:56:04,PUBLIC NUISANCE,GENERAL NUISSANCE,LOW,0.035,0.005820722
1225117,8.439898951,76.96287632,2024-12-31 11:59:04,PUBLIC NUISANCE,ILLEGAL MINING,MEDIUM,0.059,0.009812074
1225124,8.575271237000003,76.86979293999998,2024-12-31 12:17:33,PUBLIC NUISANCE,ILLEGAL MINING,MEDIUM,0.059,0.009812074
1225128,8.757975838,76.70890330999998,2024-12-31 12:19:51,PUBLIC NUISANCE,TRESSPASSING TO PROPERTY,MEDIUM,0.047,0.007816398
1225130,8.404366178,77.10728645,2024-12-31 12:22:37,OTHERS,OTHERS,LOW,0.024,0.003991352
1225143,8.47407016,76.93571090999998,2024-12-31 12:38:35,OTHERS,OTHERS,LOW,0.024,0.003991352
1225154,8.657184278000003,76.78267479,2024-12-31 12:57:46,OTHERS,OTHERS,LOW,0.024,0.003991352
1225161,8.760351069,76.9661808,2024-12-31 13:13:18,PUBLIC DISTURBANCE,DRUNKEN ATROCITIES,MEDIUM,0.059,0.009812074
1225169,8.347961302,77.03718424,2024-12-31 13:28:52,OTHERS,OTHERS,LOW,0.024,0.003991352
1225172,8.525331886,77.00378537,2024-12-31 13:27:21,OTHERS,SALE OF CONTRABANDS,MEDIUM,0.059,0.009812074
1225182,8.462057521,76.99201583999998,2024-12-31 13:37:37,OTHERS,OTHERS,LOW,0.024,0.003991352
1225207,8.604274852,77.00686455,2024-12-31 14:38:31,FIRE & HAZARDS,HAZARDOUS CONDITION INCIDENTS,EMERGENCY,0.106,0.017628472
1225227,8.615646549,76.80576324,2024-12-31 15:04:29,OTHERS,OTHERS,LOW,0.024,0.003991352
1225265,8.717806701000002,76.79623603999998,2024-12-31 16:01:28,PUBLIC NUISANCE,PUBLIC NUISANCE,LOW,0.024,0.003991352
1225271,8.497627424,76.9175148,2024-12-31 16:09:01,SOCIAL ISSUES,CHILD LINES,HIGH,0.082,0.01363712
1225298,8.618828865,76.89863205,2024-12-31 16:46:02,PUBLIC DISTURBANCE,DRUNKEN ATROCITIES,MEDIUM,0.059,0.009812074
1225315,8.546435163,76.90751553,2024-12-31 17:17:58,PUBLIC NUISANCE,PUBLIC NUISANCE,LOW,0.024,0.003991352
1225326,8.551952168,76.9105196,2024-12-31 17:27:31,PUBLIC DISTURBANCE,DRUNKEN ATROCITIES,MEDIUM,0.059,0.009812074
1225329,8.559081716,76.97682381,2024-12-31 17:29:54,PUBLIC DISTURBANCE,VERBAL ABUSE,MEDIUM,0.047,0.007816398
1225333,8.481084433,76.95920705999998,2024-12-31 17:44:03,TRAFFIC INCIDENTS,ACCIDENT,HIGH,0.082,0.01363712
1225334,8.482856551,76.96652412,2024-12-31 17:44:29,OTHERS,OTHERS,LOW,0.024,0.003991352
1225335,8.515368697,76.9370842,2024-12-31 17:46:07,OTHERS,OTHERS,LOW,0.024,0.003991352
1225349,8.522456487,76.89386845,2024-12-31 18:01:38,TRAFFIC INCIDENTS,HIT & RUN INCIDENTS,HIGH,0.094,0.015632796
1225368,8.720500331,76.89732313,2024-12-31 18:40:19,TRAFFIC INCIDENTS,TRAFFIC BLOCK,MEDIUM,0.059,0.009812074
1225389,8.608051312000002,76.99746609,2024-12-31 19:05:25,PUBLIC DISTURBANCE,DRUNKEN ATROCITIES,MEDIUM,0.059,0.009812074
1225403,8.620059354,76.89824581,2024-12-31 19:19:31,PUBLIC DISTURBANCE,DRUNKEN ATROCITIES,MEDIUM,0.059,0.009812074
1225406,8.478909067,76.94231987,2024-12-31 19:21:18,VIOLENT CRIME,CRIME AGAINST WOMEN,HIGH,0.094,0.015632796
1225417,8.75883474,76.68855071,2024-12-31 19:32:52,PUBLIC NUISANCE,SOUND OR NOISE POLUTION,MEDIUM,0.047,0.007816398
1225419,8.476797358000002,76.94117188,2024-12-31 19:33:30,TRAFFIC INCIDENTS,OBSTRUCTIVE PARKING,MEDIUM,0.047,0.007816398
1225424,8.519464352,76.94485188,2024-12-31 19:37:09,VIOLENT CRIME,CRIME AGAINST WOMEN,HIGH,0.094,0.015632796
1225431,8.419967887,77.05226897999998,2024-12-31 19:45:53,TRAFFIC INCIDENTS,TRAFFIC BLOCK,MEDIUM,0.059,0.009812074
1225475,8.568035901,76.87271117999998,2024-12-31 20:25:02,PUBLIC DISTURBANCE,DRUNKEN ATROCITIES,MEDIUM,0.059,0.009812074
1225483,8.488586699000003,76.93742752,2024-12-31 20:31:48,PUBLIC DISTURBANCE,DRUNKEN ATROCITIES,MEDIUM,0.059,0.009812074
1225485,8.609281835000003,77.00716495999998,2024-12-31 20:34:17,VIOLENT CRIME,ASSAULT,HIGH,0.082,0.01363712
1225486,8.487822684,76.93227768,2024-12-31 20:35:18,TRAFFIC INCIDENTS,ACCIDENT,HIGH,0.082,0.01363712
1225493,8.437139653,76.96266174,2024-12-31 20:38:48,PUBLIC DISTURBANCE,DRUNKEN ATROCITIES,MEDIUM,0.059,0.009812074
1225517,8.37906248,77.12127685999998,2024-12-31 20:57:45,PUBLIC NUISANCE,SOUND OR NOISE POLUTION,MEDIUM,0.047,0.007816398
1225540,8.605478868000002,77.00787305999998,2024-12-31 21:19:30,PUBLIC NUISANCE,SOUND OR NOISE POLUTION,MEDIUM,0.047,0.007816398
1225550,8.456326979,76.94854259,2024-12-31 21:22:52,PUBLIC DISTURBANCE,DRUNKEN ATROCITIES,MEDIUM,0.059,0.009812074
1225576,8.73766912,76.84377551,2024-12-31 21:43:07,PUBLIC DISTURBANCE,DRUNKEN ATROCITIES,MEDIUM,0.059,0.009812074
1225596,8.516323646,76.89775229,2024-12-31 21:59:37,PUBLIC NUISANCE,PUBLIC NUISANCE,LOW,0.024,0.003991352
1225609,8.509002306,76.89240932,2024-12-31 22:06:09,PUBLIC DISTURBANCE,DRUNKEN ATROCITIES,MEDIUM,0.059,0.009812074
1225621,8.758627968000003,76.75213515999998,2024-12-31 22:12:37,PUBLIC NUISANCE,TRESSPASSING TO PROPERTY,MEDIUM,0.047,0.007816398
1225626,8.533050792,76.88297867999998,2024-12-31 22:15:53,VIOLENT CRIME,ASSAULT,HIGH,0.082,0.01363712
1225639,8.469252415,76.98212384999998,2024-12-31 22:21:43,VIOLENT CRIME,CRIME AGAINST WOMEN,HIGH,0.094,0.015632796
1225656,8.745463213000003,76.70405388,2024-12-31 22:31:47,VIOLENT CRIME,ASSAULT,HIGH,0.082,0.01363712
1225661,8.485488185,76.95472239999998,2024-12-31 22:36:22,PUBLIC DISTURBANCE,DRUNKEN ATROCITIES,MEDIUM,0.059,0.009812074
1225662,8.516854173,76.89824581,2024-12-31 22:35:16,TRAFFIC INCIDENTS,OBSTRUCTIVE PARKING,MEDIUM,0.047,0.007816398
1225673,8.737997854,76.71649933,2024-12-31 22:41:03,TRAFFIC INCIDENTS,ACCIDENT,HIGH,0.082,0.01363712
1225708,8.621204978,76.89719438999998,2024-12-31 23:04:08,PUBLIC DISTURBANCE,DRUNKEN ATROCITIES,MEDIUM,0.059,0.009812074
1225729,8.585646596,77.09037781,2024-12-31 23:12:24,OTHERS,OTHERS,LOW,0.024,0.003991352
1225741,8.539353123,76.98999345,2024-12-31 23:19:22,PUBLIC NUISANCE,SOUND OR NOISE POLUTION,MEDIUM,0.047,0.007816398
1225743,8.584076519,76.85069561,2024-12-31 23:17:54,OTHERS,SALE OF CONTRABANDS,MEDIUM,0.059,0.009812074
1225760,8.516047772,76.89528464999998,2024-12-31 23:25:52,PUBLIC DISTURBANCE,DRUNKEN ATROCITIES,MEDIUM,0.059,0.009812074
1225771,8.747695369000002,76.78441286,2024-12-31 23:32:21,NATURAL INCIDENTS,NIZHAL PANIC CALL,EMERGENCY,0.106,0.017628472
1225782,8.757551689,76.70813083999998,2024-12-31 23:37:19,TRAFFIC INCIDENTS,TRAFFIC BLOCK,MEDIUM,0.059,0.009812074
1225794,8.504333552,77.19144344,2024-12-31 23:42:45,PUBLIC NUISANCE,PUBLIC NUISANCE,LOW,0.024,0.003991352
1225803,8.585476859,77.02847242,2024-12-31 23:46:02,VIOLENT CRIME,ASSAULT,HIGH,0.082,0.01363712
1225813,8.562094759000002,77.00154304999998,2024-12-31 23:50:02,PUBLIC DISTURBANCE,DRUNKEN ATROCITIES,MEDIUM,0.059,0.009812074
